ID,Date,Rating
10283,10-Nov-1984,CCC
10283,12-May-1986,B
10283,29-Jun-1988,CCC
10283,12-Dec-1991,D
13326,09-Feb-1985,A
13326,24-Feb-1994,AA
13326,10-Nov-2000,BBB
14413,23-Dec-1982,B
14413,20-Apr-1988,BB
14413,16-Jan-1998,B
14413,25-Nov-1999,BB
12126,17-Feb-1985,CCC
12126,08-Mar-1989,D
11692,11-May-1984,BB
11692,05-Jun-1990,B
11692,07-Dec-1997,BB
10624,23-Nov-1982,AAA
10624,02-May-1990,AA
11015,23-May-1983,AAA
11578,16-Feb-1984,B
11578,25-Feb-1993,BB
11578,06-Mar-1998,AA
12413,02-Apr-1985,A
12413,29-Jun-1998,AA
14444,09-Apr-1985,BB
14444,26-May-1990,BBB
14444,25-Nov-2004,BB
11183,22-Jan-1983,CCC
11183,14-Jul-1988,BB
11183,03-Mar-1994,A
11183,29-Jun-1998,BBB
11183,17-Dec-2000,A
13943,15-Apr-1985,BB
13943,07-Nov-1992,B
14813,02-Apr-1985,BB
14813,25-Dec-1998,BBB
10546,16-Dec-1983,BB
10546,09-Dec-2003,D
10831,27-Oct-1984,A
10831,29-May-2000,BBB
10862,07-Jan-1983,B
10862,09-Jul-1988,D
12387,14-Oct-1983,AA
12387,26-Apr-1998,AAA
10991,19-Feb-1985,A
10991,29-Sep-1990,BBB
10991,25-Nov-1999,A
11107,18-Oct-1984,BB
12658,04-Apr-1985,BB
12658,10-Nov-1999,AA
10212,04-Jun-1984,A
10212,23-Feb-2000,BBB
10212,10-Nov-2000,A
13533,22-Sep-1982,A
14910,14-Dec-1984,BB
14910,07-Aug-1986,B
14910,17-Feb-1990,D
11855,09-Mar-1985,AA
11855,23-Jan-1998,A
11855,08-Jun-2004,BBB
12585,27-Jun-1984,BB
12585,05-Nov-1993,BBB
12585,16-Oct-1999,BB
12250,14-Sep-1984,CCC
12250,03-Sep-1989,B
12250,24-Nov-1989,BB
12250,20-Oct-1993,BBB
12250,25-May-2000,BB
12250,19-Oct-2000,BBB
13143,30-Aug-1984,AA
13143,11-Nov-1999,A
13143,08-Apr-2004,BBB
13112,14-Sep-1983,BB
13112,31-May-1997,BBB
13112,05-Aug-1998,A
13112,21-Apr-2000,BBB
13904,04-Jun-1984,AAA
13904,14-Apr-1992,AA
13904,06-Feb-2003,A
11742,05-Feb-1983,BB
11742,18-Nov-2002,B
14843,24-Jul-1984,AAA
14843,05-Feb-1992,AA
14843,26-Jul-2002,A
14843,05-Oct-2003,BBB
14799,18-Sep-1982,BB
12557,22-May-1983,BBB
12557,29-Oct-1996,A
10544,03-Oct-1982,BBB
10544,25-Apr-1995,A
10544,21-Feb-1996,AA
10544,27-May-1997,AAA
13429,23-Nov-1982,A
13429,24-Jun-1990,BBB
13429,29-Aug-1998,BB
13429,25-Jan-2002,B
13849,19-Nov-1984,CCC
13849,22-May-1989,B
13849,08-Apr-1995,BB
13849,11-Nov-1998,BBB
13849,27-Oct-2001,A
10784,13-Jul-1984,BB
12719,01-Jul-1983,BBB
12719,22-May-2000,A
12014,26-Mar-1985,A
12014,04-Sep-1991,BBB
12014,26-Dec-1995,A
12680,21-Sep-1982,CCC
12680,19-Aug-1983,D
11047,31-Oct-1983,AA
11047,16-Mar-1994,AAA
11292,03-Sep-1983,CCC
11292,15-Oct-1983,D
11922,22-Sep-1984,B
11922,02-Apr-1985,D
13970,21-Oct-1984,AAA
13970,23-Feb-2000,AA
13970,28-Aug-2003,A
13970,28-Dec-2003,BBB
14764,21-Feb-1983,CCC
14764,08-May-1984,D
10889,21-Dec-1983,BB
10889,02-Jul-1998,BBB
14178,07-Nov-1983,A
14178,07-Dec-2000,BBB
14178,02-Feb-2003,B
13702,25-May-1984,AAA
13702,12-Jan-1989,AA
13702,05-Jul-1991,BB
13702,02-Jan-2000,D
12931,28-Jul-1984,AA
13291,11-Sep-1984,A
13291,01-Aug-2000,BBB
13510,21-May-1983,AA
13510,16-Nov-1991,A
13510,12-Sep-1994,BB
13415,28-Jun-1984,CCC
13415,03-Apr-1986,D
12142,03-Jun-1984,B
12142,18-May-1989,BB
12142,25-Jan-1998,BBB
13100,27-Jan-1983,B
13100,23-Jul-1985,BB
13100,05-Jul-1993,B
13100,05-Apr-2001,CCC
13100,07-Jul-2002,D
11248,15-Dec-1982,BBB
11248,11-Jun-1998,BB
11248,26-Oct-1999,BBB
14891,29-Dec-1983,A
14891,16-Sep-1997,AA
14891,12-Aug-1999,A
14891,30-Jan-2002,BBB
14891,07-Feb-2003,BB
13649,04-Apr-1985,B
13649,31-Oct-1997,BB
14663,24-Jul-1983,BB
14663,08-Jan-1987,BBB
14663,08-Feb-1991,BB
14663,06-Aug-1998,B
14663,20-Feb-2002,D
14946,25-Mar-1984,BBB
14946,10-Nov-1985,D
13060,30-Mar-1983,BB
13060,22-Sep-1995,BBB
13060,27-May-1996,A
14166,08-Sep-1984,AAA
14166,11-Jun-1997,AA
14166,24-Jun-2000,A
10866,30-Apr-1983,B
10866,14-Aug-1997,BB
11667,06-Jan-1984,BB
11667,09-Jul-1996,BBB
12767,17-Jul-1984,B
12767,12-Oct-1993,BB
12767,25-Sep-1996,A
12905,25-Jan-1985,AA
12905,16-Nov-1989,A
12905,19-Feb-1995,BB
12905,07-Apr-1998,BBB
13078,04-Apr-1985,BBB
13078,25-Mar-1989,BB
13078,31-Oct-1990,A
13313,16-Feb-1984,A
13313,16-Sep-1987,BBB
13313,28-Jan-1992,A
12720,03-Jan-1983,AAA
12720,08-Feb-1983,AA
12720,19-Nov-1986,A
12720,24-Nov-2001,BBB
12090,14-Jan-1983,AAA
12090,02-Apr-1990,AA
12090,15-Mar-2001,A
13733,02-May-1983,A
13733,24-Dec-1987,BBB
13733,07-Jul-1995,A
12384,06-Dec-1984,BB
12384,18-Jan-1998,BBB
12384,18-Apr-2000,BB
12384,01-May-2004,B
14000,29-Apr-1983,BBB
14000,31-May-1984,BB
14000,03-Jan-1998,BBB
14000,14-Nov-2002,BB
14098,10-Nov-1984,A
14098,04-Nov-2000,BBB
10697,18-Apr-1983,BBB
10697,04-Jul-1995,A
10697,19-Mar-1999,BB
12818,05-Mar-1985,B
12818,03-Nov-1989,BB
12818,01-Dec-1992,D
13384,03-Aug-1983,B
13384,19-Dec-1995,BB
13384,23-Jan-1997,BBB
13384,10-Sep-1997,A
13384,21-Jun-2003,BBB
14749,02-Mar-1983,BBB
14749,11-Aug-2001,BB
14749,31-Oct-2002,D
14265,26-Apr-1983,AAA
10840,25-Apr-1984,BB
10840,16-Jan-2001,A
10840,08-Aug-2001,AA
13855,04-Dec-1983,AA
13855,08-Jul-1988,BBB
13855,17-Apr-1992,BB
12342,05-Aug-1983,BB
12342,22-May-1992,B
12342,31-Aug-2001,D
11943,26-Nov-1984,A
11943,24-Nov-2001,AA
12939,25-Mar-1984,BBB
12939,03-Jan-1994,A
12939,28-Mar-1997,AA
12939,13-Feb-2000,A
12939,04-Feb-2003,BBB
10349,19-Feb-1984,BB
10349,31-Oct-1997,BBB
10349,08-Jan-2000,BB
10349,07-Aug-2000,BBB
11493,21-Feb-1985,AAA
11493,06-Jul-1985,AA
11211,31-May-1983,B
11211,30-Jun-1985,BB
11211,29-May-1989,BBB
11211,13-Apr-1991,BB
11211,31-May-1996,BBB
11211,03-Feb-2000,A
14479,13-Sep-1984,B
14479,11-May-1990,BB
14479,11-Feb-1998,A
12447,10-Sep-1984,A
12447,02-Mar-1988,AA
14020,02-Sep-1983,BB
14170,08-Mar-1984,BB
14170,28-Jul-1997,BBB
13041,01-Nov-1982,BBB
13041,15-Apr-1991,BB
12810,11-Oct-1982,B
12810,20-Oct-1994,BB
12810,15-Mar-1999,BBB
14119,31-Jan-1984,CCC
14119,09-Mar-1984,D
13115,05-Oct-1984,BBB
13115,20-Oct-1996,A
13115,26-Apr-1998,AA
13115,16-May-2004,A
12000,09-Mar-1985,BB
12000,04-Dec-1985,D
12285,26-Dec-1982,A
12285,29-Mar-2001,BBB
14751,09-Mar-1984,CCC
14751,30-Nov-1986,BB
14751,25-Nov-1998,BBB
14184,30-Nov-1983,BBB
14184,01-Jun-1988,A
14184,21-Oct-1998,BBB
10634,29-Aug-1982,CCC
10634,10-Jun-1983,D
12686,21-Jul-1983,BB
12686,18-Jan-1984,B
12686,24-Apr-1986,BB
12686,21-Mar-1996,BBB
12686,13-Jul-1998,A
12874,27-Jan-1983,B
12874,10-Mar-1990,D
11434,21-Oct-1984,BBB
11434,04-Sep-1985,BB
11434,17-May-1990,BBB
10835,25-Jun-1983,BBB
10835,07-Aug-1998,B
10835,14-Jun-2001,BB
14040,29-Jan-1984,BBB
14040,01-Dec-1998,A
14040,20-Feb-2001,AA
11538,30-Jan-1983,BBB
11538,11-May-1999,A
11538,28-Jun-2002,BBB
10447,11-Apr-1984,BB
10447,26-Nov-1991,D
10806,08-May-1983,AAA
14088,02-Jun-1984,CCC
14088,04-May-1989,BB
14088,01-Nov-1999,B
13177,07-Jul-1984,AAA
13177,24-Mar-1985,AA
13177,27-Jun-2003,A
12005,04-Sep-1984,B
12005,10-Feb-1985,D
11307,11-Nov-1983,A
11307,30-Jun-1998,AA
11307,06-Oct-1999,A
11307,25-Sep-2003,BBB
10817,09-Nov-1982,BBB
10817,31-Dec-1982,CCC
10817,21-Jan-1986,D
11253,04-Apr-1983,AA
11253,16-Nov-1990,A
11253,11-Jan-1998,AA
12751,17-Feb-1985,CCC
12751,19-May-1986,D
14690,17-Jan-1983,A
14690,31-May-2002,BBB
12144,21-Nov-1984,BBB
12144,25-Mar-1992,BB
12144,07-May-1994,BBB
12144,23-Jan-2000,BB
12144,20-Aug-2001,AA
12144,27-Dec-2003,A
12937,07-Feb-1984,BBB
12937,28-Dec-1984,BB
12937,08-Mar-1988,BBB
12937,19-Nov-2001,A
14079,11-May-1985,BB
14079,16-Mar-1993,B
14079,23-Oct-1994,BB
14079,18-Dec-1997,A
14079,18-Sep-1998,AA
14079,12-Feb-2001,A
12744,04-Nov-1982,AA
12744,07-Jun-1996,AAA
12744,15-Jun-2002,AA
10333,04-Nov-1983,AA
10333,07-Sep-1984,A
10333,19-Apr-2003,BBB
13869,02-Dec-1982,BBB
13869,20-Oct-1996,A
13869,31-May-1998,BBB
11387,06-Apr-1985,CCC
11387,20-Nov-1994,B
11387,29-Oct-1999,BB
12530,22-Aug-1982,AA
14064,01-Oct-1984,A
14064,22-Jun-1993,BBB
14064,19-Apr-1998,A
14064,15-Jul-1999,AA
10777,13-Nov-1984,CCC
10777,24-Apr-1992,B
10777,11-Oct-2000,CCC
10777,15-Dec-2003,D
10762,03-Jan-1985,B
10762,03-Jan-1986,D
13017,10-Nov-1982,A
13017,02-Aug-1997,BBB
13017,01-Jun-2001,BB
12816,22-Sep-1983,A
12816,13-Nov-1995,AA
12816,24-Jul-2003,A
14961,05-May-1983,B
14961,25-Jan-1996,BB
14961,04-Oct-1997,BBB
14961,12-Aug-1998,B
14961,28-Aug-1999,BB
10819,26-Oct-1984,A
10819,27-May-1987,AA
10819,05-Jul-2003,A
12919,23-Oct-1983,BB
12919,03-Sep-1997,BBB
12919,07-Jan-1998,A
12919,25-Apr-1999,BBB
12919,26-Mar-2000,AA
13667,14-Feb-1985,CCC
13667,13-May-1999,B
13615,16-Feb-1983,BBB
13615,19-Nov-1984,BB
13615,02-Dec-1989,D
14388,09-May-1983,BB
14388,26-Sep-1988,B
14388,02-Sep-1990,D
13460,10-Jan-1983,AA
13460,04-Jul-1988,AAA
13460,21-Apr-1999,AA
13460,08-Mar-2002,A
14326,01-Jan-1983,BBB
14326,25-May-1995,A
14326,15-Apr-1996,AA
14326,30-Mar-1997,AAA
14326,23-Aug-1998,AA
10507,04-Jan-1985,BBB
10507,20-Dec-1997,A
10507,13-Mar-2000,BBB
12817,20-Mar-1984,CCC
12817,15-Feb-1985,D
12850,19-Feb-1984,AA
12850,14-Sep-1997,AAA
12850,30-Apr-1999,AA
11712,10-Jan-1983,CCC
11712,24-Sep-1989,D
13499,18-Dec-1984,A
13499,12-Aug-2000,BBB
13499,19-Apr-2003,BB
13499,26-Jun-2004,B
14487,01-May-1984,AA
14487,11-May-2002,AAA
11722,04-Aug-1983,AA
11722,12-Aug-1993,AAA
11722,22-May-1999,AA
13866,13-Jan-1984,B
13866,21-Feb-1996,BB
11665,24-Sep-1983,B
11665,02-Jun-1997,BBB
11665,03-Jul-1998,AA
12678,02-Nov-1982,AAA
11020,15-Apr-1983,CCC
11020,28-Jan-1994,D
12278,19-Dec-1982,AAA
12278,03-Sep-1988,AA
13378,18-Feb-1983,B
13378,29-Jan-1987,BB
13378,06-Jun-1992,BBB
13378,16-Feb-1995,BB
13378,08-Sep-1998,B
13378,15-Oct-2000,CCC
12436,15-Apr-1983,CCC
12436,26-Mar-1989,B
12436,05-Jul-1989,BB
12436,08-Apr-1997,BBB
12436,16-Jun-1997,A
13846,09-Oct-1983,B
13846,17-Sep-1992,BB
13846,23-Sep-1996,BBB
13846,11-Dec-2002,B
13381,06-Oct-1982,BBB
13381,25-Oct-1985,A
13381,11-Jan-1997,AA
10530,06-Feb-1985,CCC
10530,25-Aug-1987,B
10530,16-Nov-1997,BB
10530,14-Sep-2000,B
10530,02-Jun-2003,D
14833,20-Mar-1985,AAA
14833,26-Aug-1990,AA
14833,21-Jan-2001,A
14312,22-Dec-1983,CCC
14312,07-Aug-1988,D
14049,20-Dec-1983,BB
14049,29-Mar-1997,BBB
14049,25-Jun-1998,A
14049,09-Nov-2003,BBB
11049,22-Jul-1983,AAA
11049,23-Sep-1998,AA
10260,03-Feb-1985,A
10260,29-Nov-2004,BBB
10905,22-Aug-1983,B
10905,27-Oct-1986,CCC
10905,26-Sep-1989,D
10797,07-Dec-1982,B
10797,18-Dec-1982,BB
10797,10-Dec-1985,B
10797,25-Nov-1990,BB
10797,27-Oct-1996,BBB
10797,25-Dec-1996,A
10797,08-Aug-2002,BBB
12656,07-Oct-1984,BBB
10394,12-Sep-1983,BBB
10394,03-Sep-1998,A
10394,01-Dec-2002,BBB
12247,16-Apr-1983,CCC
12247,16-May-1984,D
10992,26-Sep-1983,B
10992,03-Feb-2002,CCC
10992,20-Jun-2003,D
14535,22-Nov-1982,AA
14535,29-Jun-1990,A
10485,28-Dec-1982,A
13482,17-Mar-1985,AAA
13482,28-Aug-2000,AA
11301,01-Apr-1985,A
11301,28-Feb-2001,BBB
13273,15-Mar-1984,CCC
13273,17-Mar-1985,B
13273,18-Sep-1990,D
14393,16-Oct-1982,AAA
14393,07-Dec-1988,AA
14754,10-Apr-1983,A
14754,11-Oct-1993,BBB
14754,03-Nov-2000,A
13819,06-Aug-1983,CCC
13819,28-Mar-1985,D
12550,17-Nov-1984,AA
12550,01-Feb-2000,BBB
12550,21-Mar-2004,BB
14770,02-Sep-1982,CCC
14770,30-Dec-1994,B
14770,14-Apr-1996,BB
13426,30-Sep-1982,B
13426,03-May-1996,BB
10644,03-Feb-1983,AA
10644,12-Oct-1996,AAA
10644,04-Apr-1998,AA
14929,28-May-1984,AAA
11139,19-Aug-1984,AAA
11139,15-Apr-1991,AA
11139,27-May-1998,AAA
12503,27-May-1984,A
14152,12-Nov-1983,BB
13038,16-Feb-1984,A
13038,10-Jul-1991,D
14940,10-Jun-1983,A
14940,01-Nov-2001,BBB
10541,01-Sep-1984,AAA
12684,23-Feb-1983,BBB
12684,02-Nov-1992,A
10890,05-Jul-1984,B
10890,29-Sep-1984,D
13661,17-Feb-1983,AA
13661,29-Jan-1986,AAA
13661,07-Apr-1989,AA
11893,21-Aug-1983,A
11893,23-Feb-1993,AA
11893,05-Sep-1998,A
11893,13-Dec-2002,BBB
12542,05-May-1984,A
12542,31-Aug-1995,BBB
12542,17-Apr-1997,A
12542,20-Jul-1998,AA
12542,31-Oct-1999,A
11393,07-Oct-1984,A
11393,18-Mar-1992,BBB
11393,02-Aug-2000,CCC
11393,14-Oct-2003,D
14138,07-Nov-1982,BBB
14138,21-Aug-1986,BB
14138,23-May-1997,BBB
14138,23-Nov-2000,BB
14955,05-Mar-1985,AA
14955,08-Sep-1992,A
14955,15-Aug-1997,AA
14955,31-Aug-2004,A
11058,02-Oct-1984,BBB
11058,31-May-1994,A
11058,04-Apr-2000,BBB
14258,18-Dec-1983,AAA
14258,14-Sep-1999,AA
14581,28-Oct-1983,BBB
14581,07-Oct-1996,A
14581,15-Aug-1997,AAA
10273,08-Nov-1983,AA
10273,16-Apr-1987,BBB
10273,10-Dec-2001,D
14213,20-Jun-1983,B
14213,26-May-1986,BBB
14213,05-Nov-1995,A
14213,24-Mar-1999,BBB
13191,09-Jan-1984,B
13191,29-Oct-1986,BB
13191,29-Oct-1993,BBB
13191,14-Aug-1994,A
13191,06-May-1996,AA
11500,11-Jan-1984,BBB
11500,10-Oct-2000,A
11196,13-Nov-1984,AA
11196,05-May-2000,A
11196,20-May-2001,AA
11196,08-May-2003,A
13916,21-Oct-1984,AAA
13717,23-May-1984,BBB
13245,31-Aug-1983,A
13245,01-Feb-1985,BBB
13245,03-Nov-1989,A
13245,11-Dec-1990,BBB
13245,17-Jul-1999,BB
11587,07-Nov-1984,CCC
11587,22-Sep-1985,D
10949,02-Feb-1984,CCC
10949,30-Jul-1984,D
11055,04-Aug-1983,AAA
11055,13-Mar-1987,A
11055,22-Apr-1994,AA
11055,24-Sep-1998,A
13956,14-Mar-1985,AA
13956,13-Oct-2003,A
12340,10-Jan-1985,BB
12340,23-Mar-1994,BBB
12340,03-Feb-1998,A
12340,03-Feb-1999,AA
12340,19-Dec-2000,A
11626,19-Feb-1984,AA
11626,27-Aug-1989,A
11626,14-Apr-1997,BBB
11970,02-May-1984,CCC
11970,25-Dec-1991,D
10152,27-Mar-1984,B
10152,27-Oct-1986,BB
10152,20-Jul-1997,A
10781,13-Mar-1983,A
10781,13-Nov-1990,BB
10781,05-Aug-1999,BBB
12152,15-Jun-1983,BB
12152,03-Sep-1984,CCC
12152,10-Sep-1985,D
11159,02-Dec-1983,BB
11159,21-Apr-1996,BBB
13897,05-Apr-1983,CCC
13897,17-Apr-1994,B
13897,09-Aug-1999,BB
10313,10-Dec-1984,BB
10313,30-Jun-1999,A
10313,01-Jul-2000,BBB
10313,03-Jan-2001,A
10313,11-Jul-2002,BBB
12622,28-Feb-1983,A
12622,20-Aug-1985,AA
12622,27-Oct-1996,AAA
12622,11-Dec-1998,AA
12707,01-Apr-1983,BBB
12707,09-Jun-1985,A
12707,17-Mar-2001,BBB
12707,13-Oct-2001,A
13490,04-Feb-1983,B
13490,04-Jan-2000,BB
13490,27-Sep-2000,BBB
14318,02-Apr-1983,B
14318,28-May-1985,BB
14318,21-Apr-1996,BBB
14318,07-Apr-1998,BB
10706,28-Oct-1983,AA
10706,07-Jan-1987,A
10706,08-May-1994,AA
10706,20-Dec-1997,AAA
10706,23-Nov-1998,AA
13188,25-Jun-1983,BBB
13188,13-Jan-1999,BB
12052,27-Feb-1985,AA
12052,20-Feb-2001,A
14447,22-Oct-1983,A
14116,19-Feb-1983,B
14116,19-Apr-1983,CCC
14116,17-Apr-1986,D
13703,08-Feb-1985,AA
11144,24-Apr-1985,BBB
11144,23-Jun-1998,A
11144,23-May-1999,AA
11144,11-Jan-2001,BB
12038,31-Oct-1983,AA
12038,11-Apr-1984,BB
12038,05-May-1991,CCC
12038,08-Jun-2002,D
14289,07-Dec-1982,CCC
14289,25-Oct-1985,BB
14289,20-Jan-1991,B
14289,22-Mar-1996,BB
14289,29-Dec-2001,CCC
12909,03-May-1983,CCC
12909,24-Jun-1984,D
12456,01-Oct-1983,BBB
12456,25-Oct-1996,A
12456,07-Dec-1998,BBB
12602,04-Apr-1984,AAA
12602,10-Jan-2000,BBB
12602,26-Feb-2004,B
13663,07-May-1983,AA
13663,12-Nov-1986,A
13663,11-Mar-1997,AA
14172,12-Apr-1984,B
14172,05-Jul-1985,D
13150,29-Jul-1984,B
13150,01-Jan-1997,BB
13150,11-Dec-1998,BBB
14712,27-Mar-1983,B
14712,06-Dec-1989,BB
14712,06-Mar-1993,BBB
14712,14-Jun-1993,A
11262,13-Dec-1982,BBB
11262,14-Sep-1991,A
11262,20-Jun-1994,BBB
11438,10-Jun-1983,BB
11438,14-Mar-1992,D
12517,03-Jul-1983,CCC
12517,20-May-1990,D
12361,16-Oct-1983,AAA
12361,10-Jan-2002,AA
12566,08-Jan-1984,CCC
12566,16-Dec-1984,D
10190,11-Nov-1982,B
10190,20-Nov-1984,BB
10190,03-Jun-1998,BBB
14419,07-May-1983,AA
12639,27-Oct-1984,AAA
14085,16-Sep-1982,CCC
14085,07-Aug-1991,B
14085,15-Nov-1996,BB
13803,04-Mar-1985,BB
13803,07-Aug-1987,BBB
13803,01-Jul-2004,BB
10757,18-Aug-1984,AA
10757,14-Mar-1991,AAA
11737,20-Dec-1983,CCC
11737,17-Oct-1999,D
12733,19-Mar-1984,CCC
12733,09-Aug-1989,B
12733,01-Nov-1997,BB
12733,07-Mar-1999,BBB
12733,16-Jan-2003,BB
14114,12-Apr-1983,BB
14114,03-Feb-1996,BBB
14114,26-Mar-1997,A
14114,17-Jun-1997,AA
14114,12-Dec-1998,A
11270,20-Nov-1983,A
11270,15-Aug-1993,BB
11270,15-Sep-1994,BBB
11270,26-Jul-1997,AA
11270,20-Mar-1999,A
14669,08-Apr-1985,BB
14669,20-Apr-2000,D
11523,16-Feb-1984,CCC
11523,31-Mar-1985,D
13789,21-Jan-1984,A
13789,04-May-2002,BBB
11682,06-Apr-1983,BBB
11682,06-Feb-1984,BB
11682,28-Feb-2002,D
11566,20-Dec-1983,BB
11566,02-Jun-1997,BBB
11075,03-May-1984,BBB
11075,28-Apr-1988,BB
11075,16-May-1993,BBB
11075,13-Mar-1995,A
11075,12-Nov-1997,AAA
11075,25-Apr-2003,A
11483,27-Jun-1984,AAA
11483,14-May-2002,AA
10950,17-Sep-1983,B
10950,14-Nov-1989,BB
10950,23-Jan-1991,B
10950,08-Oct-1996,BB
10950,26-Feb-1999,B
10197,20-Aug-1983,BB
10197,27-Jan-1991,B
10197,17-Dec-1995,BBB
10197,19-Jul-1997,A
10197,16-Feb-1998,AA
10197,06-May-2003,A
14342,02-May-1985,CCC
14342,31-Dec-1985,D
14649,24-Sep-1982,BBB
14649,24-Jul-1989,B
14649,27-Dec-2001,D
13797,20-Jan-1985,CCC
13797,28-Oct-1985,D
12992,17-Feb-1985,AA
12992,17-Jul-1986,A
12992,10-Mar-1999,AA
12992,31-Dec-2004,A
11239,22-Oct-1984,B
11239,12-Oct-1997,BB
11239,04-Dec-1998,BBB
14288,24-Nov-1982,AA
14288,28-May-1984,A
14288,26-Aug-2001,BBB
13685,07-May-1983,BBB
13685,16-Jun-1987,A
11659,19-Jul-1983,B
11659,31-Jul-1985,BB
11659,27-Dec-1992,A
11659,04-Sep-1995,AA
12867,28-Jun-1984,BBB
12867,18-Jun-1987,BB
12867,07-Jun-1998,BBB
12867,03-Jun-2000,BB
12867,22-Jun-2004,B
12236,01-Jan-1983,CCC
12236,10-Sep-1990,D
14586,08-Aug-1984,A
14696,02-Dec-1982,AAA
14696,15-Aug-1998,AA
14696,16-Apr-2002,A
12233,02-Jun-1984,BB
14675,25-Dec-1983,A
14859,05-Oct-1984,AA
14859,29-Oct-1995,A
12539,02-Aug-1984,CCC
12539,11-Jan-1986,D
13698,07-Feb-1985,A
13698,24-Aug-1997,AA
12464,25-Jan-1985,AAA
10827,18-Jul-1983,CCC
10827,31-Jan-1993,B
10827,30-Apr-1998,BB
10827,23-Feb-2000,BBB
12815,17-Jul-1984,AAA
12815,27-Jun-1992,BBB
11474,04-Mar-1983,CCC
11474,20-Oct-1985,D
13237,17-Sep-1982,AA
12234,31-Aug-1984,AAA
12234,17-Jul-1992,AA
13607,31-Dec-1983,BB
13607,13-Feb-2002,B
12420,11-Dec-1983,AA
12420,03-Oct-1990,A
12420,02-Dec-1991,BB
12420,05-Mar-1998,BBB
12168,08-Feb-1985,BB
12168,08-Jan-1987,B
12168,13-Oct-1987,BB
12168,31-Oct-1989,BBB
12168,17-Oct-1990,BB
12168,25-Nov-2000,B
12832,19-Apr-1984,A
12832,29-Oct-1996,BBB
12832,20-Jan-2003,BB
11345,27-Apr-1984,AA
11345,28-Oct-1997,AAA
13627,25-Dec-1984,AAA
13627,21-Nov-1985,A
13627,09-Feb-2004,BB
11323,01-Nov-1984,AAA
11323,08-Sep-1989,AA
13986,17-Mar-1984,AA
13986,20-May-1999,A
13986,21-Dec-2002,BBB
11541,17-Feb-1983,A
11541,04-Aug-1995,AA
11541,26-Sep-1998,A
11541,29-Jun-2000,AA
10593,15-Apr-1983,A
10593,09-Sep-1995,AA
10593,07-Jan-2000,AAA
11353,21-Jan-1985,B
11353,05-Jan-1992,BB
11353,08-Dec-1997,BBB
11353,01-Sep-1999,A
11353,10-Jan-2004,BBB
14806,15-Sep-1982,BBB
14806,05-May-1983,BB
14806,25-Jun-1984,B
14806,08-Aug-1993,BB
14806,06-Dec-1993,B
14806,21-Oct-1996,BB
14806,15-Jul-1999,BBB
12422,21-Dec-1983,AAA
12422,24-May-1984,AA
12668,02-Feb-1983,BBB
12668,25-Oct-1992,A
12668,09-Jan-1999,BBB
12668,21-May-2002,BB
14735,23-Apr-1985,A
12663,31-Jul-1984,AA
12663,22-Nov-1996,A
12663,17-Feb-2000,BBB
12663,18-Feb-2004,BB
14552,31-Dec-1983,CCC
14552,21-Aug-1984,D
13465,02-Dec-1983,BBB
13465,07-Jul-1992,BB
13465,29-Jan-1995,B
13465,03-May-1998,BB
13465,15-Apr-1999,B
11141,16-Oct-1982,A
11141,14-Nov-1994,AA
11141,10-Jan-1998,A
14283,30-Jun-1984,BBB
14283,27-Jun-1992,BB
13793,29-Sep-1982,BB
13793,26-Aug-1986,B
13793,14-Jul-1996,BBB
12791,28-Oct-1982,CCC
12791,16-Dec-1982,D
10206,22-Jan-1984,B
10206,10-Aug-1996,BB
10206,10-Feb-1998,BBB
10886,22-Nov-1982,B
10886,26-Jul-1985,BB
10886,18-Sep-1997,A
11332,13-Nov-1984,BBB
12416,13-Nov-1984,B
12416,12-Oct-1990,BB
12972,10-Aug-1984,AAA
12972,03-Oct-1991,AA
12972,29-Nov-2000,AAA
12972,22-May-2003,AA
11288,15-Jan-1983,A
11288,11-Jul-1997,AA
11288,03-Aug-1999,AAA
13370,08-Jun-1984,CCC
13370,25-Apr-1985,D
13182,19-Jan-1984,BB
13182,14-Jan-1994,BBB
13182,26-Jan-1996,A
10940,17-Apr-1985,AA
10940,23-Aug-2000,A
10312,28-May-1984,B
10312,10-Dec-1997,BB
10312,25-Feb-2000,B
10312,17-May-2004,CCC
14181,27-Oct-1984,A
14181,08-Jul-1991,BB
14181,04-Feb-2004,B
14286,15-Nov-1983,BB
14286,28-Oct-1984,B
14286,12-Oct-1989,BB
14286,30-Apr-1997,BBB
14286,09-Aug-2003,BB
10402,24-Oct-1983,AA
10402,15-May-1984,A
10402,21-Oct-1993,AA
10402,15-Mar-1999,A
13441,21-Nov-1984,BB
13811,09-Nov-1982,CCC
13811,27-Sep-1983,D
10956,29-Dec-1982,AAA
12518,07-Feb-1983,BB
12518,30-Dec-1989,BBB
12518,28-Jun-1995,A
12518,30-Oct-1997,AA
12518,07-Jan-2000,AAA
10904,13-Sep-1983,CCC
10904,09-Aug-1985,D
12178,27-Nov-1984,AA
12178,26-Dec-1984,BBB
12178,10-Dec-1997,A
12178,23-Jun-2004,BBB
14029,30-Oct-1984,B
14029,03-Nov-1991,CCC
14029,11-Jan-1999,BB
14029,07-Nov-1999,D
13544,17-Oct-1982,BB
13544,02-Aug-1997,BBB
11427,21-Sep-1983,AA
12560,27-Jan-1984,BB
12560,06-Apr-1990,B
12560,09-Jan-1997,BB
13321,09-Oct-1983,AAA
13321,17-Jul-1999,BBB
13321,03-Aug-2003,BB
11124,05-Jun-1984,CCC
11124,08-Nov-1994,B
13935,07-May-1984,AAA
13252,06-Jun-1983,AAA
13252,23-Sep-1983,AA
13960,24-Oct-1983,B
13960,29-Jun-1987,BB
13960,02-Sep-1998,BBB
12679,02-Sep-1982,BBB
12679,17-Jul-1984,BB
12679,26-Jul-1989,B
12679,06-Jul-1994,CCC
12679,26-Feb-1998,D
11879,29-Apr-1985,AA
11879,25-Oct-1991,A
11879,22-May-1997,AA
14460,01-Feb-1983,CCC
14460,18-Jul-1987,D
11592,02-Dec-1982,A
12360,25-Aug-1983,AAA
10345,04-Mar-1983,AAA
12334,21-Dec-1983,B
12334,26-Jul-1987,CCC
12334,30-Jan-1990,B
12334,25-Apr-1993,BB
12334,27-Mar-1997,BBB
13089,23-Jul-1983,BB
13089,19-Feb-1991,B
13089,28-Dec-1997,BB
13089,21-Dec-1998,B
11624,27-Mar-1985,CCC
11624,15-Apr-1985,B
11624,30-Jun-1987,BB
11624,25-Jun-1991,B
11624,11-Dec-1994,BB
11624,22-Nov-2004,D
11105,24-Feb-1985,B
11105,08-Apr-1996,BB
11982,09-Oct-1982,CCC
11982,25-Nov-1982,D
11604,25-Aug-1984,BBB
11604,23-Sep-1987,BB
11604,21-May-1990,A
14576,14-May-1983,BBB
14576,02-Dec-1984,BB
14576,14-Mar-1991,B
14576,21-Jun-1995,BB
14576,15-Aug-1996,BBB
12060,15-Oct-1983,B
12060,03-Nov-1983,CCC
12060,11-Jun-1999,D
13596,17-Feb-1984,AA
13596,29-May-1986,A
13596,02-Nov-1988,AA
13753,18-Mar-1985,BBB
13753,05-May-1990,BB
13753,25-Sep-1996,B
13753,04-Apr-2003,CCC
14089,10-Oct-1983,AA
14089,15-Nov-1990,BBB
14089,29-Mar-1996,A
14089,26-Jun-1998,AA
14089,17-May-2002,A
10226,28-Apr-1985,AAA
10226,11-Jul-1996,AA
11890,15-Jun-1983,BBB
11890,27-Jan-2000,A
14149,19-Jul-1984,AAA
14149,31-Mar-1985,AA
14465,15-Jun-1984,B
14465,08-Oct-1985,D
12673,08-Feb-1984,BBB
12673,28-Nov-1986,A
12673,13-Apr-1996,BB
13749,16-Jul-1984,AAA
13749,13-Oct-2002,AA
11717,15-Jun-1984,AA
11717,19-Jan-2003,A
14344,12-Feb-1983,BBB
14344,26-Dec-1995,A
14344,07-Dec-1998,BBB
13487,24-Dec-1982,BBB
12859,14-May-1985,B
12859,16-Dec-1986,D
12412,05-Feb-1983,AAA
12412,05-Feb-2001,A
10748,19-Sep-1982,AAA
11132,01-Mar-1984,BB
11132,09-Feb-1997,BBB
11132,16-Dec-1997,A
11132,25-Jul-1999,BBB
13231,16-Jan-1985,CCC
13231,30-Nov-1988,D
12641,17-Jun-1984,B
12641,19-Feb-1999,BB
12641,14-Sep-1999,D
12137,24-Feb-1983,B
12137,26-Apr-1993,BB
12137,04-Jan-1998,BBB
12137,23-Jun-2001,BB
10536,22-Aug-1983,AA
12698,22-Nov-1983,AA
12698,20-Mar-2002,A
14700,26-Apr-1985,BB
14700,19-Sep-1993,B
14700,29-Jan-1997,BB
14700,25-Jun-1999,BBB
13847,21-Jan-1983,AAA
13847,29-Sep-2001,AA
12933,21-Dec-1984,BBB
12933,13-Aug-2002,A
10392,24-May-1984,B
10392,20-Mar-1990,BB
10392,10-Oct-1991,D
10680,29-Aug-1983,A
10680,08-Oct-1985,AA
10680,08-Jul-1988,A
10680,16-May-1990,AA
10680,26-Mar-2002,A
13178,25-Feb-1983,AAA
13178,23-Nov-1983,AA
13178,27-Nov-1998,A
13806,20-Oct-1983,BBB
13806,10-May-1985,BB
12655,13-Dec-1983,A
12655,01-Oct-1986,BBB
12655,14-Aug-1991,BB
12655,26-Jun-1998,BBB
11867,16-Dec-1982,A
11867,24-Aug-1999,AA
11867,29-Nov-2000,AAA
10388,30-Mar-1984,B
10388,14-Nov-1984,CCC
10388,23-Jan-1989,B
10388,07-Jun-1991,BB
10388,30-Dec-1997,BBB
10388,19-Jun-2000,A
10388,30-Aug-2001,BBB
14511,01-Apr-1983,A
14511,14-Jan-1985,AA
14921,07-Sep-1983,BB
14921,31-Jan-1996,BBB
11817,23-Mar-1984,B
11817,09-Apr-1997,BB
12324,27-Apr-1983,AAA
12324,09-Jul-1983,AA
12324,12-May-1986,BBB
12324,16-Dec-1990,BB
12324,28-Jul-1991,B
14644,04-Jun-1983,BB
14644,04-Nov-1998,B
14644,05-Aug-2001,D
10297,26-Apr-1984,BB
10297,15-Mar-1986,B
10297,29-Aug-1997,BB
10297,10-Jul-2000,BBB
10297,11-Feb-2003,A
13458,10-May-1983,B
14869,20-Nov-1984,AA
11542,27-Apr-1985,A
11542,06-May-1991,BBB
11542,11-May-1997,A
11542,06-Nov-2000,BBB
12666,17-Aug-1984,A
12666,24-Jul-1987,BBB
12666,25-Mar-1998,A
12666,24-Mar-2000,BBB
12666,09-Apr-2001,A
13006,28-Jul-1983,AAA
14145,24-Mar-1984,BB
14145,24-Feb-1988,B
14145,13-Jun-1991,D
10832,03-Dec-1982,B
10832,21-Oct-1985,BB
10832,20-Dec-1989,B
10832,25-Sep-1997,BB
10832,14-Dec-1997,B
10832,03-May-1999,BB
14239,10-Feb-1985,AA
14239,15-Sep-2000,D
12146,14-Jan-1985,BBB
12146,27-Mar-1998,A
12146,31-Oct-2000,BBB
12146,01-Apr-2004,BB
14875,13-Nov-1984,CCC
14875,15-Jan-1989,D
12913,05-May-1983,A
10613,03-Apr-1984,AAA
10613,14-Nov-1999,AA
14122,09-Sep-1982,AA
14122,19-Aug-1999,AAA
12496,17-Oct-1983,BB
12496,15-Jun-1996,A
12496,03-Jan-1999,BBB
13193,27-Jun-1983,A
11561,26-Jan-1983,CCC
11561,25-Dec-1988,B
11561,13-Jun-1997,BB
13363,12-Feb-1983,AA
13363,24-Feb-1997,AAA
11648,15-Oct-1983,A
11648,05-Jan-1999,BBB
12252,20-Nov-1982,BB
12252,17-Oct-1995,BBB
12252,04-Oct-1999,A
14689,08-Apr-1984,B
14689,07-Nov-2000,BB
10651,02-Dec-1983,BBB
10651,24-Jun-1986,A
10651,02-Dec-1996,AA
10651,17-Jan-1999,A
10651,18-Feb-2002,BBB
12314,14-Jul-1984,B
12314,12-May-1986,D
13349,18-Jul-1984,CCC
13349,06-Dec-1984,D
13534,18-May-1984,AAA
13534,12-Sep-1999,AA
12528,20-Sep-1982,A
10284,25-Oct-1982,BBB
11757,03-Jul-1983,AA
11757,06-Oct-1995,AAA
10127,31-Jan-1984,BBB
10127,19-May-1998,A
14694,03-Jun-1984,CCC
14694,06-Nov-1984,D
14714,30-Sep-1983,BB
14714,09-Dec-1985,BBB
14714,25-Apr-1991,BB
14714,28-May-1998,BBB
14714,07-Jun-2003,BB
13532,15-Nov-1984,AA
13532,24-Mar-1992,BBB
12130,06-Aug-1984,B
12130,22-Jul-1985,D
11752,13-Apr-1985,CCC
11752,11-Jul-1986,B
11752,12-Jan-1991,BB
11752,03-Sep-1998,BBB
11707,31-Jan-1984,BB
11707,05-Dec-1988,BBB
11707,15-Jun-1991,BB
12217,09-Jul-1983,AAA
12217,24-Mar-1999,AA
14412,01-Dec-1982,CCC
14412,06-Apr-1984,D
14673,20-Apr-1984,AA
14673,07-Mar-1998,AAA
14673,19-Jan-2003,AA
13845,05-Oct-1984,B
13845,13-Mar-1986,BB
12401,15-Oct-1983,CCC
12401,10-Mar-1986,B
13376,16-Nov-1982,B
13376,01-Apr-1985,BB
13376,26-Apr-1998,B
13376,03-Apr-2000,BB
14190,11-May-1983,BB
14190,06-Jun-1983,B
14190,18-Oct-1985,BB
14190,18-Dec-1987,BBB
14190,30-Aug-1991,BB
14190,06-Oct-1992,BBB
14190,16-Jun-1998,BB
14190,01-Nov-1999,BBB
13720,18-Jan-1983,CCC
13720,04-May-1986,D
10416,26-May-1983,AA
10416,31-May-1994,A
10782,01-Nov-1983,AA
10782,19-Sep-1997,AAA
10782,16-Jan-2002,AA
10798,27-Jan-1984,AA
10798,03-Oct-1999,A
10798,23-Mar-2000,AA
12320,18-Nov-1983,BB
12320,08-Nov-1998,BBB
14074,10-Jan-1985,CCC
14074,13-Jul-1986,D
12283,18-Jan-1984,B
12283,09-Dec-1986,BB
12283,10-Oct-1997,BBB
12283,18-Jul-1998,A
14455,19-Mar-1985,A
14455,27-Oct-1997,AAA
14455,24-Jul-2004,AA
11287,17-May-1984,BB
11287,26-Nov-1997,BBB
11287,04-Mar-1999,A
11287,25-Aug-1999,BBB
11287,01-Sep-2001,A
11257,02-Apr-1985,A
11257,07-Aug-1992,BBB
11257,16-Feb-1999,BB
11257,07-May-1999,BBB
10378,15-Apr-1983,BB
10378,29-Jun-1995,BBB
11698,24-Jun-1984,CCC
11698,12-Oct-1984,D
11876,03-Jun-1983,B
11876,09-Oct-1998,CCC
13767,20-Jun-1984,AA
13767,13-Mar-1991,A
13767,10-May-1997,AA
13767,09-Jul-1999,BBB
12301,13-Jul-1984,AA
12301,10-Aug-1984,A
14518,25-Oct-1982,AA
14518,30-Oct-1982,A
14518,03-Jan-1990,BBB
14518,04-Nov-1991,A
14518,14-Apr-1996,AA
14518,21-Jan-1997,AAA
14518,25-Sep-1998,AA
14518,13-Jul-2001,A
11043,30-Apr-1983,BBB
11043,25-Oct-1983,BB
11043,28-May-1995,BBB
11043,09-Nov-1998,BB
14494,30-Mar-1983,AAA
14494,28-Nov-1983,AA
14494,06-Nov-1985,A
14494,30-Aug-1994,BBB
11844,16-Jun-1984,AA
11844,27-Jul-1995,AAA
11954,10-Dec-1984,AA
11954,04-Oct-2000,BBB
11954,11-Mar-2002,A
12885,28-Jul-1983,AAA
13944,07-Oct-1984,AA
13944,11-Apr-1985,A
13944,28-Jul-1986,BBB
13944,12-Apr-1990,A
13944,26-Jan-2000,BBB
14291,24-Jun-1984,AAA
14291,05-May-1986,AA
14291,15-Jul-1989,AAA
14291,18-Mar-1998,AA
14291,18-May-2000,A
14291,11-Dec-2001,AA
12681,24-Aug-1982,A
12681,11-Feb-1995,AA
14010,11-Apr-1984,AAA
13566,09-Sep-1983,AA
13566,04-Nov-1983,A
13566,26-Aug-1998,AA
13566,25-Jul-1999,BBB
11846,19-Feb-1985,BBB
11846,16-Aug-1985,BB
11846,18-Jul-1986,B
11846,07-Apr-1998,A
12912,19-Aug-1982,B
12912,23-Jul-1987,BBB
12912,21-Aug-1989,BB
12912,26-Oct-1994,BBB
12912,15-Dec-1996,A
13259,23-Nov-1983,A
13259,11-Dec-1985,AA
13259,14-Jan-1999,A
11477,16-Oct-1983,A
11477,09-Jul-1999,BBB
11477,10-Apr-2001,A
12761,22-Nov-1983,A
12761,25-Mar-1986,AA
12761,16-Feb-1991,A
10579,26-Sep-1984,AAA
10579,09-Mar-2004,AA
12792,06-Jul-1983,BBB
12792,11-Sep-1997,A
12792,01-Nov-2001,BBB
12792,10-Oct-2002,BB
13247,11-Oct-1984,A
11503,02-Dec-1983,B
11503,30-Sep-1996,BB
11503,13-Aug-2003,B
11300,22-Sep-1982,BBB
11300,22-Jan-1996,A
11300,21-Apr-1997,AA
10737,10-Feb-1983,BB
10737,26-May-1995,BBB
10534,09-Aug-1984,AAA
10534,14-Nov-1999,A
12135,04-Dec-1983,BB
12135,08-Mar-1997,BBB
12135,08-Aug-1998,A
12135,11-Jun-1999,BBB
12135,01-Jan-2001,A
12022,17-Jan-1983,AAA
12022,07-Feb-1984,AA
12022,21-Apr-1998,BBB
12022,26-Jun-2001,BB
13680,25-Jul-1983,BB
13680,05-Nov-1989,CCC
13680,29-Mar-1998,B
13680,06-Jul-2001,BB
13680,03-May-2003,D
12998,16-Apr-1984,A
12998,05-Dec-1991,BB
12998,17-Jan-2003,B
14705,25-Feb-1983,CCC
14705,24-Nov-1984,D
11340,26-Aug-1984,CCC
11010,18-Apr-1983,BB
11010,17-Nov-1986,B
11010,25-Jan-1991,CCC
11010,08-Sep-1996,B
14747,21-Feb-1985,AAA
14747,30-Sep-1985,A
14747,23-May-1995,AA
14747,07-Jun-1998,AAA
14747,29-Feb-2000,AA
14747,28-Jun-2003,A
13428,14-May-1983,B
13428,04-Jul-1991,CCC
13428,11-Oct-1993,D
13224,22-Sep-1984,AAA
13224,17-Nov-1999,AA
10882,22-Feb-1983,AAA
10882,21-Dec-1990,AA
14767,01-Jun-1983,BB
14767,25-Feb-1989,B
14767,07-Jul-1992,BB
14767,27-Mar-1998,BBB
14767,22-Aug-2000,A
14360,17-Nov-1982,A
14360,26-Dec-1985,AA
10763,16-Mar-1984,AA
10763,13-Nov-1984,A
10763,28-Feb-1999,BBB
11713,02-Jul-1984,BB
11713,26-Apr-1997,BBB
11713,15-Feb-1998,A
11713,30-Oct-1998,AA
12971,16-Feb-1984,BBB
12971,27-May-1984,BB
12971,24-Jul-1995,BBB
12971,23-Jun-1997,A
12971,02-Jan-2000,BBB
12971,18-Feb-2000,A
12786,18-Oct-1983,CCC
12786,29-Jun-1990,D
10913,24-May-1984,AA
14234,27-May-1984,AA
14234,28-Sep-1991,A
14234,16-Sep-1994,BBB
13413,27-Jun-1984,BB
13413,19-Feb-1986,CCC
13413,30-May-1990,D
14137,15-May-1984,A
14137,06-Apr-1985,BBB
12956,21-Mar-1985,AAA
12956,19-Mar-2001,AA
12956,16-Apr-2004,A
10442,15-Mar-1983,A
10442,01-May-1991,AA
10442,08-Mar-1999,A
11261,27-Jul-1984,AAA
12303,11-Apr-1983,B
12303,13-May-1988,CCC
12303,17-Dec-1989,D
11579,15-Dec-1982,AA
11579,19-Nov-1997,AAA
11579,04-Feb-1999,AA
12367,16-Apr-1984,CCC
12367,05-Mar-1986,D
10585,11-Nov-1983,AAA
11515,20-Nov-1983,B
11515,27-Nov-1985,BB
11515,24-Mar-1988,B
11515,14-Feb-1989,BB
11515,14-Nov-2002,B
13536,10-Jun-1984,CCC
13536,16-Apr-1987,D
10294,27-Sep-1984,BB
10294,14-Jul-1986,BBB
10294,22-Aug-1991,A
12637,03-Aug-1983,BB
12637,14-May-1998,BBB
12637,04-Jun-1999,B
13174,10-Jun-1984,B
13174,05-Oct-1984,CCC
13174,08-Mar-1989,D
13572,08-Oct-1983,AA
13572,07-Jun-1984,BB
14442,07-Dec-1984,BB
14442,23-Mar-1998,BBB
14442,10-Apr-1999,A
12073,28-Nov-1984,B
12073,26-Oct-1986,D
11701,01-May-1983,AAA
11701,12-May-1984,AA
11701,10-Jan-1999,A
12561,23-Apr-1984,CCC
12561,09-Jul-1986,D
13408,22-Mar-1984,A
13408,17-Jan-1998,AA
13408,10-Jun-1999,A
13408,27-Apr-2000,BB
13015,10-Feb-1984,BB
13015,24-Sep-1985,B
13015,19-Mar-1998,BB
13015,28-Nov-2002,B
13563,04-Jan-1985,AA
13563,30-Nov-1985,BBB
10238,10-May-1983,CCC
10238,01-Sep-1983,D
10684,02-Jul-1983,AA
10684,12-Oct-1992,AAA
10684,04-Jul-2001,AA
10187,15-Dec-1982,BBB
10187,14-Jun-1983,BB
10187,10-Dec-1986,D
11394,15-Mar-1985,B
11394,09-Dec-1988,BB
11394,07-Jul-1990,B
11394,21-Oct-1995,BB
11394,26-Dec-1997,BBB
11683,25-May-1984,BBB
11683,04-Jul-1988,A
11683,23-Dec-1993,AA
11683,08-Apr-1999,AAA
13445,10-Dec-1983,BB
13445,18-Aug-1997,BBB
13445,08-Mar-2001,A
13445,14-Apr-2002,BB
10790,18-May-1984,AA
10790,03-Dec-1984,A
10790,11-Jun-1988,AA
12562,14-Feb-1984,AA
12562,13-Jul-1996,AAA
12562,11-May-2002,AA
11926,26-May-1984,A
11926,20-Nov-1996,AA
11926,16-Mar-2004,A
14011,13-Feb-1984,AAA
14513,08-Aug-1984,B
14513,24-Dec-1991,CCC
12886,23-Jan-1984,CCC
12886,31-Jul-1985,D
10693,08-May-1985,AA
13272,24-Mar-1983,BB
13272,27-Apr-1996,BBB
12580,01-Dec-1982,B
12580,28-Oct-1989,BB
12580,15-Feb-1996,BBB
12580,19-Apr-2002,BB
13777,05-Dec-1982,AAA
13777,03-Aug-1993,AA
13911,20-Oct-1982,CCC
13911,23-Jul-1984,D
14090,26-Sep-1983,AA
14596,09-Nov-1983,AA
14930,19-Aug-1983,BB
14930,21-Oct-1988,BBB
14930,23-Feb-1997,A
14930,17-Aug-1998,AA
14930,04-May-1999,A
12108,20-Sep-1984,CCC
12108,19-Oct-1996,B
12108,06-Oct-1999,D
13618,07-May-1984,A
13618,03-Nov-1991,BBB
14242,28-Sep-1984,A
14242,10-Mar-1992,BBB
14242,24-Mar-2004,BB
12943,08-Mar-1985,AA
12943,07-May-2004,BBB
12891,17-Apr-1985,BB
12891,27-Aug-1999,D
13064,26-Feb-1983,BBB
13064,13-Jan-1991,BB
13064,24-Nov-1992,BBB
13064,28-Jul-1997,A
13527,04-Jan-1983,BBB
13527,01-Dec-1998,BB
10462,14-Jul-1984,A
10462,18-Aug-1993,AA
10462,19-Sep-1994,A
10462,24-Jun-2000,BBB
13917,19-Nov-1982,BBB
13917,25-Dec-1985,BB
13917,09-Apr-1992,BBB
13917,04-Mar-1996,A
13917,15-Dec-1996,AA
13917,29-Jan-2002,A
10410,25-Jan-1984,AA
10410,26-Jun-2002,A
10556,30-Jan-1984,A
10556,16-May-1999,BB
10556,13-Oct-2003,CCC
13584,27-Dec-1984,CCC
13584,24-Mar-1988,D
13184,16-Dec-1983,BBB
13184,01-Dec-1997,A
13184,06-Apr-1999,BBB
14741,15-Sep-1983,B
14741,10-Nov-1987,BB
14741,05-Apr-1990,B
14741,30-Jun-1994,BB
14741,24-Feb-1997,BBB
11450,20-Jun-1984,AA
11450,18-Jun-2000,A
12331,28-Aug-1984,B
12331,04-Feb-1987,CCC
12331,18-Dec-1987,D
10728,20-Jan-1984,B
10728,19-Apr-1984,CCC
10728,05-Jan-1995,B
10728,11-Apr-1997,BB
12985,01-Aug-1983,CCC
12985,23-Dec-1990,D
14924,15-Jan-1983,AAA
12531,26-Mar-1984,BB
12531,16-Jun-1984,B
12531,03-Jul-1993,BB
12531,26-Aug-1997,AA
12531,25-Mar-2004,A
11045,07-May-1983,AA
11045,04-Apr-2003,A
14901,01-Oct-1982,AAA
14901,19-Apr-1996,AA
14901,06-May-2001,A
13416,11-Sep-1984,B
13416,09-Oct-1984,CCC
13416,10-Apr-1986,D
14287,18-Apr-1983,AAA
14287,11-Mar-1995,AA
13065,03-Nov-1983,A
12553,06-Jul-1984,CCC
12553,22-Dec-1992,D
13895,12-Aug-1983,BB
13895,04-Jan-1993,BBB
13895,19-Sep-1996,A
13895,07-Apr-1999,BB
13895,08-Aug-2003,B
13678,24-Aug-1984,AA
13678,29-Apr-1998,AAA
14191,17-Sep-1983,BB
14191,20-Feb-1996,BBB
14191,14-May-1999,BB
14191,19-Apr-2000,BBB
14082,02-Jul-1984,AA
14082,30-Mar-1992,A
14082,21-Feb-2003,BBB
14482,22-Jul-1984,A
14482,22-Jan-1993,BBB
14482,30-Jun-1999,BB
14482,28-Feb-2004,B
12155,03-Nov-1983,A
12155,23-Jun-1988,AA
13211,06-Sep-1982,BB
13211,20-May-1989,BBB
13211,18-Jul-1995,A
13211,23-Jan-1996,AA
12577,15-Jul-1983,CCC
12577,31-Mar-1984,D
11138,16-Oct-1983,BBB
11138,24-Apr-1996,A
12102,15-May-1983,B
12102,25-Sep-1983,CCC
12102,20-Oct-1985,B
12102,20-Jan-1987,CCC
12102,06-Aug-1995,B
12102,07-May-1999,D
13077,03-Mar-1983,BBB
13712,17-Nov-1984,A
13712,08-Nov-2000,BB
12302,22-Oct-1983,AAA
12721,22-Jan-1985,BBB
12721,07-May-1992,A
12721,26-May-1998,AA
12721,21-Jan-2000,AAA
12958,13-Sep-1983,CCC
12958,27-Jun-1984,D
11369,25-Sep-1984,AAA
11369,12-Jul-2000,AA
10750,19-Sep-1983,AA
11273,04-Nov-1984,B
11273,23-Jun-1998,BB
11273,28-Aug-1999,BBB
11273,17-Apr-2001,A
11978,11-Sep-1984,AAA
11978,11-Jul-2000,AA
10732,30-Aug-1983,BBB
10732,15-Oct-2000,A
10710,22-Mar-1983,BB
10710,25-Sep-1984,B
10710,08-Dec-1998,D
12588,17-Oct-1984,B
12588,16-Jan-1994,BB
12588,29-Apr-2004,B
10722,25-Mar-1985,AA
12774,11-Jul-1983,AAA
12774,27-Nov-1998,AA
12552,19-Jun-1984,AAA
12552,07-Apr-1992,AA
12552,19-Feb-2003,A
12966,31-Oct-1983,AAA
12966,24-Oct-1984,AA
12966,07-Oct-1992,BBB
12966,29-May-1993,A
10619,29-Nov-1984,BBB
10619,29-Dec-1986,A
14350,25-Sep-1984,BB
14350,24-Feb-1992,B
14350,30-Nov-1996,BB
14350,24-Sep-1998,BBB
14350,02-Apr-2000,BB
14890,01-Feb-1983,A
14890,21-Dec-1986,AA
14664,27-Dec-1984,BB
14664,21-Aug-1999,BBB
14664,15-Jun-2000,BB
14664,31-Jan-2002,AA
10365,04-May-1985,AAA
10365,22-Apr-1988,AA
10365,17-Dec-1998,AAA
14784,14-Jan-1984,CCC
14784,11-Mar-1991,D
10924,19-Jan-1985,BB
10924,13-Jun-1992,B
10924,08-Dec-1994,BB
10924,04-Aug-1997,BBB
10924,06-Aug-1998,A
10924,30-Jun-1999,AA
14598,28-Mar-1984,BBB
14598,04-Jun-1985,BB
14598,27-Jun-1996,BBB
14598,11-Jul-1997,A
14598,08-Oct-1999,BBB
11891,19-Jan-1983,CCC
11891,11-Aug-1984,D
12443,06-Mar-1983,CCC
12443,04-Aug-1983,D
12159,29-Sep-1983,AA
12159,25-Aug-1989,A
10880,05-Sep-1984,AAA
10880,26-Dec-2002,AA
11537,21-Nov-1984,CCC
11537,16-Jul-1985,D
12189,16-Oct-1984,BBB
12189,30-Jan-1992,BB
12189,18-Jan-1994,BBB
12189,24-Feb-1998,A
12189,07-Aug-1999,AA
10731,02-Jul-1983,B
10731,14-Jan-1999,D
14001,03-Feb-1984,A
14001,06-Sep-1990,AA
14001,27-Apr-1992,D
14306,16-Nov-1982,BB
14306,23-Dec-1982,B
14306,09-Jul-1988,CCC
14306,08-Nov-1990,D
13822,07-Dec-1982,BB
13822,13-Jan-1995,BBB
10188,01-Jan-1983,A
10188,10-Mar-1983,D
10564,27-Jun-1984,CCC
10564,01-Jul-1986,D
12204,26-Dec-1983,AA
12204,27-Oct-1985,A
12204,19-Jun-1999,BBB
12204,14-Jun-2000,A
10348,23-Feb-1983,BBB
10348,20-Jan-1997,A
10348,25-Jul-2001,BBB
10729,26-Dec-1983,A
10729,12-Jul-1990,BBB
10729,07-Sep-1995,A
13574,12-Jan-1983,AA
13574,09-Feb-1983,A
13574,16-Jul-1998,BBB
10138,12-Oct-1982,CCC
10138,07-Apr-1984,D
14565,16-Dec-1984,BB
14565,25-Oct-1985,B
14565,29-Jul-1987,CCC
14565,27-Jan-1993,D
13284,01-Mar-1984,A
12766,05-Mar-1985,A
12766,13-Oct-1995,AA
12766,04-May-1997,BBB
12766,29-Jul-1998,A
12607,15-Jul-1984,AAA
12607,25-Jan-1985,AA
12607,31-May-1991,A
12607,12-Mar-2000,BBB
14746,23-Mar-1984,BBB
14746,05-Jan-2001,BB
14746,08-May-2002,BBB
14443,11-Nov-1984,BB
14443,22-May-1997,BBB
12512,13-Jan-1985,AAA
12512,08-Dec-1993,AA
12512,22-Feb-2004,A
10979,03-May-1985,B
10979,21-Dec-1991,BB
10979,01-Jun-1992,B
12498,18-Aug-1982,BB
12498,16-Jan-1996,BBB
12498,05-May-1997,A
12498,23-Sep-1997,BBB
12304,31-Dec-1984,BBB
12304,23-Oct-1991,BB
12304,21-Aug-1997,B
12304,23-Nov-2000,D
11642,22-Apr-1984,CCC
11642,05-Dec-1999,D
11841,04-May-1985,B
11841,03-Oct-1994,BB
11841,26-Dec-2000,B
14203,28-Jan-1984,BBB
14203,25-Jul-1993,A
14203,02-Mar-1996,AA
14203,17-Sep-1998,AAA
12335,11-Dec-1983,BBB
12335,22-Nov-1991,BB
12335,02-Jun-1997,BBB
12335,19-Jul-1998,A
12335,14-Jul-2003,BBB
11583,28-Oct-1984,BB
11583,18-Jan-1985,B
11583,29-Jun-1987,BB
13674,03-Apr-1983,B
13674,30-May-1996,BBB
13674,10-Jan-1998,A
13674,19-Jun-2000,BBB
13674,03-Jun-2002,B
14008,29-Dec-1983,B
14008,19-Sep-1997,BB
14008,01-Apr-1999,D
12638,04-Feb-1985,AA
12638,04-Apr-1988,A
12638,21-Sep-1995,AA
12638,07-May-2003,A
10834,15-Mar-1984,AAA
10834,19-Jun-1987,AA
10834,18-Jan-2000,A
13913,11-Dec-1984,BB
13913,05-May-1988,B
13913,19-Jan-1994,BB
12399,26-Aug-1984,CCC
12399,05-Nov-1991,D
13155,26-Mar-1984,BBB
13155,05-Aug-1984,BB
13155,09-Feb-1998,BBB
13155,31-Oct-1998,AA
10982,21-Apr-1983,AAA
10982,24-Jul-1998,AA
10982,29-Aug-2001,BBB
14026,15-Jun-1984,BBB
14026,04-May-2000,D
12439,09-Nov-1982,A
12439,04-Oct-1983,BBB
12439,21-Apr-1993,BB
11175,05-May-1984,AA
10652,09-Jun-1984,B
10652,16-Sep-1986,BB
10652,29-Dec-1990,BBB
11094,17-Aug-1984,BBB
11094,21-Oct-1992,A
11094,26-Jun-2000,BBB
10241,25-Jan-1985,AAA
10241,19-Apr-1985,AA
10241,28-Mar-1986,A
10241,04-Feb-1998,BBB
10241,22-May-2000,BB
10241,16-Aug-2002,BBB
11163,27-Apr-1985,BB
11163,22-Feb-2000,BBB
10642,25-Sep-1984,AA
14721,22-Mar-1984,CCC
14721,10-Jan-1992,D
14688,04-Mar-1985,AAA
14688,12-Mar-2000,AA
10720,20-Mar-1984,B
10720,03-Aug-1998,BB
10720,16-Sep-2000,BBB
11616,03-Sep-1982,CCC
11616,21-Feb-1984,D
14555,16-Dec-1982,BBB
14555,01-Jan-1992,A
11299,28-Dec-1984,BB
11299,10-Aug-1985,B
11299,27-Jul-2002,BB
13475,15-Dec-1983,CCC
13475,03-Apr-1986,D
13020,10-Dec-1984,AA
13579,15-Mar-1983,CCC
13579,21-Aug-1986,D
14498,21-Feb-1984,BBB
14498,11-Apr-1986,BB
14498,10-Jun-1990,BBB
14498,25-Nov-1993,BB
14498,05-Mar-1998,BBB
14498,29-May-2000,BB
14824,09-May-1984,AAA
14824,08-May-1993,AA
14824,20-Oct-2002,A
10205,19-Sep-1982,BB
10205,14-Nov-1991,BBB
10821,24-Apr-1984,A
10821,14-Mar-1998,AA
11882,15-Aug-1983,AAA
11882,26-Aug-1992,AA
11882,26-Sep-2002,A
10455,06-Oct-1982,CCC
10455,06-Jan-1984,D
11371,21-Dec-1983,BBB
11371,24-Sep-1995,BB
10663,26-Feb-1983,AA
10663,20-Jan-1992,A
10663,18-May-1999,AA
14263,19-Dec-1982,AA
14263,21-Aug-1985,AAA
10726,11-Mar-1983,BBB
10726,03-Jan-1993,A
10726,20-Feb-2003,BBB
11131,11-Jan-1983,CCC
11131,26-Nov-1986,D
14974,23-Feb-1983,CCC
14974,17-Jul-1995,B
14025,29-Sep-1982,BB
14025,05-Sep-1988,BBB
14025,07-Mar-1992,A
10772,14-May-1984,A
10772,12-Jul-1992,BBB
10772,04-Sep-1996,A
12061,27-May-1983,AA
12061,30-Jan-1999,A
11265,08-Feb-1984,A
11265,14-Jan-1997,AA
11265,19-Jan-2000,BBB
11265,14-Sep-2000,A
11265,20-Jan-2003,BBB
12894,13-Jul-1984,AA
12564,30-Dec-1983,BBB
13858,05-Feb-1984,A
13858,01-Jul-1992,BBB
13858,19-Feb-1995,BB
13858,22-May-1996,BBB
13858,16-Feb-1997,A
12474,06-Nov-1983,BB
12474,17-Sep-1993,B
12474,12-Apr-1994,BB
12474,09-Dec-1996,BBB
12474,26-Dec-1997,A
11313,20-Dec-1982,BB
11313,18-Mar-1983,BBB
11313,11-Mar-1992,A
11313,01-Nov-1994,BBB
11313,25-Sep-1995,A
10852,21-Dec-1983,AA
10852,25-Apr-2003,A
12750,18-Dec-1984,BBB
12750,08-May-1987,A
12750,23-Jul-2004,BBB
14209,08-Jan-1985,AA
14209,22-Jul-1985,A
14208,15-May-1983,B
14208,13-Sep-1992,CCC
14208,22-Mar-1997,B
14208,19-Aug-1997,BB
14208,20-Apr-1999,B
14208,04-Oct-2002,D
11552,14-Mar-1983,BB
11552,19-Nov-1983,B
11552,22-Jun-1985,BB
11552,24-Mar-1992,BBB
11552,20-Feb-1999,D
11938,05-Mar-1984,BB
11938,16-Sep-1984,BBB
11938,05-Nov-1987,B
11728,19-May-1984,AA
11728,27-Dec-1984,A
11728,18-Feb-1995,BBB
13126,09-Oct-1983,BB
13126,02-Oct-1986,B
13126,01-Jul-1991,CCC
13126,17-Aug-1992,D
12997,12-Mar-1983,BBB
12997,09-Mar-1999,BB
12997,14-Dec-2001,B
11285,23-Mar-1985,BB
11285,15-May-1985,B
11285,21-Jul-1986,CCC
11285,02-Apr-1993,B
11285,01-Dec-1996,D
12504,08-Nov-1982,BB
12504,23-Oct-1989,B
12504,01-Aug-1990,BB
12504,04-Aug-1991,BBB
12504,10-Jan-1997,A
12504,18-Mar-1999,AA
11862,01-Dec-1982,BBB
11862,28-Jun-1997,A
11917,07-Jan-1983,BB
11917,23-Jun-1998,B
11917,07-Nov-2000,BB
11745,31-Jan-1983,A
11745,25-Nov-1987,BBB
11871,30-Apr-1984,A
11871,26-Aug-1992,BBB
14456,14-Mar-1984,CCC
14456,30-Aug-1990,D
12277,09-Oct-1982,A
12277,11-Jun-2002,BBB
14831,07-Mar-1985,BB
14831,10-Oct-1992,B
13610,16-Aug-1984,CCC
13610,05-Oct-1985,D
11056,25-Aug-1984,CCC
11056,01-Sep-1984,D
13070,20-Oct-1982,AA
13070,04-Dec-1982,A
13070,09-Jan-2002,BBB
12396,26-Dec-1984,B
12396,08-Jun-1987,BB
12396,09-Jul-1992,B
12396,23-Dec-1994,BB
12396,13-Sep-2000,B
13319,10-Mar-1985,B
13319,03-Mar-1998,BB
14909,29-Apr-1985,AAA
14909,19-May-1986,AA
14529,24-Dec-1984,AAA
14529,13-Aug-2000,AA
11460,12-Oct-1984,B
11460,28-Sep-1989,BB
11460,19-Jan-1994,BBB
11794,13-Jan-1984,AAA
11794,25-Dec-2003,A
11889,11-Feb-1983,A
11889,06-Jan-2002,BBB
12545,20-Sep-1983,B
12545,30-Nov-1983,CCC
12545,14-Jun-1987,D
10858,30-Dec-1982,AA
10858,03-Mar-1990,A
10858,07-Feb-2000,BBB
14362,17-Sep-1982,BBB
14362,10-Jan-1996,A
14362,22-Jan-1998,BBB
11739,15-Mar-1985,AA
11739,07-Aug-1992,A
13603,15-Jun-1983,AAA
13603,26-Sep-1990,AA
10612,09-Jun-1983,BB
10612,01-Oct-1984,B
10612,26-Feb-1988,CCC
10612,19-May-1994,BB
10612,11-Jul-1996,B
12392,17-Jul-1983,BBB
12392,27-Oct-2000,A
11669,28-Nov-1983,BBB
11669,03-Jul-1988,A
11669,26-Sep-1989,BBB
14380,27-May-1984,BB
14380,08-Mar-1996,B
14380,16-Dec-1996,BB
14380,10-Jun-1998,A
12083,12-Sep-1982,AA
12083,14-May-1996,AAA
12083,18-Jul-2002,AA
14278,08-Dec-1984,AA
13751,28-Feb-1984,AAA
13751,22-Mar-1984,AA
13751,09-Jul-1987,A
13751,01-Jun-1992,AA
13751,04-Aug-1993,A
13751,19-Jun-2001,BBB
13751,15-Feb-2003,A
13212,19-Dec-1984,AAA
13212,04-Feb-1985,AA
13212,08-Mar-1993,A
13212,11-Nov-1998,AA
13212,02-Aug-2000,A
13212,14-May-2002,AA
12084,01-Aug-1983,CCC
12084,08-Dec-1986,D
11106,07-Nov-1983,AAA
11106,30-Jun-1984,AA
11106,01-Aug-1997,AAA
14366,11-Oct-1982,CCC
14366,05-Jul-1988,B
14366,25-Sep-1989,BB
14366,27-Oct-2001,B
12711,11-Feb-1983,B
12711,15-Jul-1992,BBB
14912,11-Jun-1984,B
14912,15-Jun-1994,BB
14912,23-Feb-2000,BBB
14912,23-Mar-2001,A
14912,04-Jan-2002,AA
12772,15-Jul-1983,A
11639,02-Feb-1985,CCC
11639,10-Feb-1989,B
11639,05-Feb-1992,D
14408,14-Dec-1982,BBB
12193,03-May-1985,AA
12193,28-Apr-1989,A
13377,09-Feb-1984,A
13377,23-Apr-1999,BBB
10339,25-Jul-1984,AA
10339,22-May-1998,AAA
10820,14-May-1985,BBB
10820,23-Sep-1986,BB
10820,29-Oct-1997,BBB
10820,24-Jun-1999,A
10820,23-Feb-2005,BBB
11485,02-Jun-1983,BB
11485,14-Nov-1993,BBB
11485,18-Sep-1994,BB
11485,11-Oct-1995,BBB
12085,06-Oct-1983,AA
10464,26-Nov-1983,AA
10464,21-May-1994,A
10464,02-May-1997,AA
10464,08-Aug-1999,A
10464,30-Jul-2000,AA
10464,28-Nov-2001,A
13086,20-Sep-1984,B
11831,14-Nov-1984,AA
11831,13-Dec-1987,A
11831,01-May-1992,BBB
11831,25-Aug-1995,A
11831,08-Sep-2000,BBB
12852,26-Nov-1982,AAA
12852,14-Jul-1984,AA
12852,08-Apr-1996,AAA
12852,15-Oct-1998,AA
14450,12-Feb-1983,BBB
14450,14-May-1985,A
14450,08-Mar-1998,BBB
10161,12-Aug-1983,B
10161,04-May-1987,BB
10161,18-May-1989,BBB
10161,05-Jul-2001,A
10173,13-Oct-1982,BBB
12801,22-Jan-1984,BBB
12801,28-Oct-1993,A
12801,02-Jan-1998,AA
10666,20-Jul-1983,AA
11166,09-Feb-1983,BB
11166,24-Aug-1995,BBB
11166,25-Jan-1997,A
11166,01-Feb-1998,AA
14878,15-Mar-1983,B
14878,21-Sep-1986,BB
14878,17-Jan-1998,BBB
12043,09-Feb-1985,BBB
12043,03-Jan-1988,A
12043,15-Jan-1994,AAA
11157,24-Jun-1984,A
11157,09-Dec-1999,BBB
11157,28-Mar-2001,A
11157,01-Jun-2004,BBB
13082,29-Nov-1983,CCC
13082,20-Sep-1987,D
11637,16-Feb-1985,AAA
11637,22-Jan-1987,AA
13638,30-Nov-1982,BB
13638,12-May-1987,BBB
13638,30-Sep-1996,A
13638,25-Nov-1998,BBB
13595,02-Sep-1984,BBB
13595,15-Jan-1999,A
12354,24-Aug-1984,A
14031,02-Mar-1984,B
14031,04-May-1986,BB
14031,28-Dec-1989,BBB
14031,02-Oct-1992,BB
14031,16-Feb-1994,B
14031,28-Aug-1997,BB
13387,18-Feb-1983,AAA
13387,21-May-1993,AA
13387,23-Oct-1997,AAA
11513,06-Apr-1984,B
11513,05-Mar-1996,BB
11513,17-Nov-1996,BBB
11513,02-Aug-1998,A
13201,14-Jun-1983,BB
13201,10-Dec-1987,BBB
13201,09-Nov-1998,BB
14648,30-Dec-1982,AA
14648,29-Jan-1998,BBB
12363,18-Mar-1983,BBB
12363,20-Oct-1983,BB
12363,01-Feb-2002,B
14317,29-Jan-1985,AAA
14317,19-Aug-1985,AA
14317,19-May-1990,AAA
10307,28-Oct-1982,AAA
13637,17-Apr-1983,CCC
13637,10-Mar-1985,D
14277,10-Oct-1982,CCC
14277,26-Jul-1984,D
12248,03-Nov-1983,BBB
12248,12-Aug-1984,BB
12248,09-Jun-1991,B
12248,25-May-1995,CCC
12248,20-Feb-1997,BB
12248,21-May-2002,B
14628,31-Aug-1982,AAA
14628,28-Aug-1998,AA
14628,23-Feb-2001,A
12526,01-Feb-1985,BB
12526,09-Oct-1989,BBB
12526,26-Jul-2001,A
12030,02-Mar-1983,CCC
12030,29-Nov-1990,D
12688,19-Nov-1982,CCC
12688,04-Feb-1989,B
12688,17-Feb-1994,D
12578,21-Jun-1983,B
12578,26-Jul-1983,CCC
12578,06-Mar-1990,D
13807,17-Nov-1983,CCC
13807,25-Sep-1984,D
11857,27-Nov-1982,BBB
10271,10-May-1985,A
14133,16-Jul-1983,AAA
14771,11-Jun-1983,B
14771,25-Mar-1997,BB
14771,09-Mar-1998,A
14771,19-Jul-1998,BBB
14771,18-Dec-1999,A
10533,19-Oct-1982,B
10533,24-Aug-1990,CCC
10533,22-Aug-2000,D
11130,12-Jun-1983,A
11130,28-Oct-1983,BBB
11130,19-Sep-2001,A
11130,27-Jul-2002,BBB
10592,03-Oct-1982,AA
10592,13-Jun-1983,A
10592,23-Apr-1990,B
10592,06-Oct-2000,D
10646,05-Jan-1984,A
10646,05-Jun-1988,AA
10646,14-Jun-1989,BBB
14866,18-Sep-1984,A
14866,02-Jul-1985,BBB
10696,10-May-1984,A
12858,15-Nov-1982,BBB
12858,13-Sep-1996,A
13990,06-Nov-1982,BBB
13990,09-Jun-1986,BB
13990,27-Dec-1994,BBB
13990,10-Jun-1998,BB
10317,04-Oct-1984,AA
10317,26-Jun-2000,A
13328,09-Feb-1985,B
13328,16-Jul-1987,BB
13328,26-Apr-1988,B
13328,17-May-1991,BB
13328,07-Feb-2000,BBB
13328,03-Aug-2000,BB
13853,03-Feb-1984,BBB
13853,02-Dec-1991,B
13853,10-Sep-1996,BB
13853,28-Nov-1997,BBB
13853,17-Jan-2001,A
14640,05-Dec-1982,A
14640,30-Jul-1986,BBB
14640,22-Jul-1992,A
14640,28-Jul-1998,BB
14640,27-Dec-1998,A
13069,21-Nov-1984,BB
13069,30-Oct-1995,BBB
13069,15-Oct-1996,B
13069,02-Aug-1998,BB
13069,14-Mar-2000,B
12828,22-Jul-1983,CCC
12828,24-Nov-1987,B
12828,18-Aug-1997,BB
13590,08-Jun-1983,AA
13590,14-Dec-1994,A
13590,16-Jan-1999,B
13590,29-Feb-2000,BB
14870,03-Sep-1984,AAA
14870,04-Sep-1999,A
11694,28-Aug-1982,A
11694,29-Oct-1995,AA
11694,13-Feb-1998,BB
11694,07-Jan-2002,B
10987,05-Oct-1982,AA
10987,17-Sep-2002,A
12651,16-Jun-1984,A
12651,22-May-2000,BBB
10424,13-Apr-1984,AAA
10424,29-Mar-1985,A
10424,28-Jun-1997,AA
13559,26-Jan-1984,AAA
13559,25-Mar-1999,AA
10752,17-Aug-1984,BB
10752,14-Mar-1998,BBB
10752,22-Mar-2003,B
10146,25-Jul-1984,BBB
10146,06-Apr-1997,A
10146,14-Nov-1998,AA
13833,08-Oct-1984,AA
13833,01-Mar-1987,AAA
13833,08-Feb-2000,AA
13456,02-Jun-1983,B
14240,11-Jul-1984,BB
14240,28-Aug-1985,B
14240,12-Aug-1986,BB
14240,28-Jan-1995,BBB
14240,04-Nov-1997,A
14240,09-Jul-1999,AA
14240,01-Apr-2000,A
14120,26-Feb-1984,B
14120,22-Sep-1997,BB
14120,14-Nov-1998,BBB
11773,18-Sep-1983,AAA
11773,09-Sep-1992,AA
11773,20-Feb-1995,A
11773,17-Aug-2002,BBB
14720,18-Oct-1982,AAA
14720,10-Sep-1984,AA
14720,18-Aug-1989,A
11029,06-Oct-1984,AA
11029,23-Oct-1996,AAA
14674,21-Jul-1983,B
14674,29-Nov-1985,BB
14674,05-Nov-1989,B
14674,07-Mar-1997,BB
13886,17-Apr-1984,BB
13886,06-Jun-1987,B
13886,31-Aug-1996,BB
13886,27-Feb-1999,BBB
14355,28-Aug-1984,B
14355,27-Nov-1988,CCC
14355,08-Sep-1991,D
11071,30-Nov-1982,CCC
11071,30-Nov-1983,D
10756,24-Dec-1982,AA
10756,02-Aug-1983,A
10756,23-Mar-1998,BBB
14761,19-Feb-1984,A
14761,28-Jul-2002,BBB
14761,14-Nov-2003,BB
13235,16-Dec-1983,AA
13235,07-Jul-1984,BBB
13235,24-May-1989,A
13235,24-Jul-1997,AA
13235,20-Feb-2003,A
14243,25-Jan-1985,AA
14243,16-Nov-1988,A
14884,25-Oct-1984,AA
12124,22-Aug-1984,AA
12438,08-Oct-1982,B
12438,02-Aug-1989,D
11168,29-Oct-1982,BB
11168,24-Apr-1996,BBB
11168,31-Jul-2002,BB
12611,14-Nov-1982,CCC
12611,10-Apr-1984,D
14069,25-Oct-1984,CCC
14069,17-Jul-1990,D
11958,18-Mar-1985,BB
11958,13-May-1997,BBB
11958,19-Sep-2000,B
12289,02-Jul-1984,B
12289,02-Mar-1992,D
13729,28-Dec-1982,CCC
13729,21-Feb-1983,D
14684,10-Aug-1984,CCC
14684,01-Sep-1996,BB
14684,12-Dec-1997,BBB
14684,20-Jan-2000,BB
12350,06-Dec-1982,AA
12350,08-Sep-1990,A
10978,13-Dec-1982,AAA
10978,29-Jan-1993,AA
10978,07-Nov-2000,A
11193,20-May-1984,BB
11193,09-Aug-1989,BBB
11193,06-Oct-1998,A
11193,22-Oct-2003,BBB
13355,13-Jul-1983,CCC
13355,03-Jul-1985,D
10719,02-Jun-1984,B
10719,06-Aug-1997,BB
10719,20-Apr-2000,D
12808,05-Sep-1984,BB
12808,26-Mar-1998,BBB
12808,01-Jan-2000,BB
12808,30-Jul-2004,B
12872,23-Mar-1984,AA
12872,07-Oct-1997,A
12872,08-Sep-2000,BBB
11969,27-Aug-1984,A
11969,17-Jun-1988,BBB
11969,06-Jan-2000,BB
11969,17-Aug-2001,BBB
11134,10-Apr-1983,A
11134,29-Oct-1984,BBB
11134,15-Jan-1986,A
11134,14-Dec-2002,BBB
12729,22-Aug-1984,A
13197,15-Apr-1985,A
13197,29-Jun-1998,AA
13197,13-Feb-2001,A
13931,01-Jan-1985,BB
13931,13-Nov-1991,B
12481,12-Nov-1982,BB
12481,27-Nov-1993,B
12481,24-Jun-2002,CCC
12628,19-Aug-1983,A
12628,26-Nov-1997,AA
13230,22-Aug-1983,BBB
13230,21-May-1990,A
11797,03-Jul-1984,AA
11797,29-Dec-1991,A
11797,19-Apr-2002,AA
14417,07-Apr-1984,AAA
14417,16-Oct-1985,AA
11227,16-Oct-1984,BB
11227,23-May-1994,BBB
11227,04-Jan-1997,A
10310,21-Aug-1983,BBB
10310,31-Dec-1984,BB
10395,12-Mar-1983,A
10395,28-Jun-1996,AA
10395,16-Jan-1999,A
11191,12-Nov-1982,A
11191,02-Nov-1990,B
11191,28-Jun-1991,BB
11191,03-Oct-1993,BBB
11191,05-Nov-2002,D
12045,28-Sep-1984,AA
12045,23-May-2003,A
10802,11-Mar-1983,AAA
10802,27-Dec-1994,AA
14223,10-Sep-1983,AA
13262,21-Feb-1984,BBB
13262,18-Jul-1985,BB
13262,15-Aug-1992,B
13262,15-Mar-1996,BB
13262,11-Dec-2003,B
11445,04-Apr-1983,CCC
11445,10-Aug-1997,B
11445,07-Feb-1999,CCC
11445,01-Apr-2001,B
11445,27-Sep-2002,CCC
11342,21-May-1984,CCC
11342,28-Sep-1984,D
12942,15-Dec-1983,AA
12907,16-Jan-1983,AA
13988,08-Oct-1984,A
13988,28-Oct-1986,AA
11148,26-Nov-1982,BB
11148,25-Oct-1990,B
11148,10-Aug-1993,BB
11148,04-May-1994,B
11148,15-Nov-1995,BB
11148,17-Aug-1997,BBB
11148,23-Jul-1998,BB
11148,02-Jun-1999,BBB
11148,12-Oct-2002,BB
14036,08-Jun-1983,B
14036,29-Jun-1998,CCC
11591,12-Apr-1983,BB
11591,01-Oct-1987,CCC
11591,03-Aug-1990,D
11351,31-Jan-1984,CCC
11351,12-Apr-2003,D
13812,17-Nov-1982,B
13812,11-Jan-1989,D
10272,27-Sep-1983,CCC
10272,22-Aug-1987,D
12572,30-Nov-1982,BBB
12572,25-Dec-1994,A
12572,14-Nov-1998,D
11362,08-Dec-1982,BBB
11362,20-Aug-1989,BB
11362,12-Dec-1992,BBB
11362,09-Dec-1994,A
12760,11-Oct-1984,AA
11065,05-Jun-1983,BB
11065,12-Apr-1998,BBB
11065,22-Nov-2001,BB
11065,06-Apr-2003,B
14162,13-Apr-1984,AA
14162,03-Jul-1997,AAA
11784,09-Apr-1985,BBB
11784,28-Jan-1986,BB
11784,08-Jul-1992,B
11784,09-Apr-1999,BB
11784,17-Mar-2000,BBB
11784,28-Oct-2004,B
13505,24-Oct-1983,BB
13505,22-Sep-1998,BBB
13658,13-Jul-1984,A
12788,14-Sep-1984,CCC
12788,03-May-1988,D
13351,25-Oct-1983,BB
13351,05-Aug-1985,B
13351,20-May-1991,CCC
13351,02-Jan-1993,B
13351,20-Sep-1999,D
12070,04-Jun-1984,AAA
12070,09-Dec-1991,AA
12070,03-Jun-2004,A
12903,05-Dec-1982,AAA
11275,09-Mar-1985,BB
11275,25-Jul-1999,BBB
11275,23-May-2000,BB
11275,01-Dec-2002,BBB
11845,21-Feb-1983,BB
11845,15-Jun-1995,BBB
10487,11-May-1983,BB
10487,23-Jun-1995,BBB
10487,31-Mar-1998,A
10487,18-Jan-2002,BBB
11128,24-Oct-1984,B
11128,03-Oct-1985,D
12635,19-Dec-1983,AA
12635,20-May-1999,A
12160,25-Sep-1984,CCC
12160,20-Jul-1985,D
14252,18-Sep-1983,BB
14252,08-Jul-1992,D
13250,18-May-1983,A
13250,26-Sep-1984,BBB
13250,16-Apr-1998,A
13250,31-Aug-2002,BBB
11843,24-Sep-1982,A
11843,23-Nov-1994,AA
11843,09-Mar-2001,A
13585,21-Jun-1984,BBB
13585,18-Sep-1989,A
13585,21-Jun-2000,AA
13585,01-Feb-2004,BBB
11359,21-Oct-1983,AA
11359,19-Jun-1991,A
10807,13-Nov-1983,B
10807,11-Jul-1996,BB
12076,19-Apr-1984,B
12076,24-Dec-1991,CCC
12076,24-Feb-2004,D
12319,16-Oct-1982,BB
12319,29-Oct-2001,B
12586,30-Jun-1983,AAA
12586,05-Mar-1999,AA
12586,24-Jan-2002,A
10506,29-Sep-1984,AAA
11343,15-Jul-1984,BB
11343,24-Mar-1994,B
11343,07-Jun-1998,BBB
11343,21-Oct-1999,BB
14023,21-Dec-1982,BB
14023,16-Jan-1988,A
12175,26-Dec-1982,AA
12175,19-Apr-1996,AAA
12175,10-Oct-1998,AA
12175,25-Jun-2001,A
14331,18-Nov-1982,AA
14331,26-Apr-1993,A
12579,25-Aug-1982,BBB
12579,25-Oct-1997,D
13645,15-Oct-1983,AAA
13645,19-Jan-1999,AA
13645,21-Jun-2000,AAA
13645,09-Aug-2003,AA
14096,04-Jun-1984,AA
14096,17-Feb-1996,A
14096,01-Jan-2003,BBB
11967,10-Aug-1984,B
10337,31-Jan-1984,B
10337,28-Jan-1994,BB
10337,18-Jul-1997,BBB
10337,30-Jul-1998,A
13633,04-Dec-1982,A
13633,14-Mar-1995,AA
11395,11-May-1984,A
11395,06-Jan-1990,BBB
11395,06-Oct-2000,A
10609,22-Dec-1982,AAA
10609,10-Apr-1998,AA
11205,30-Dec-1982,AAA
11205,08-Aug-1983,AA
11205,14-Oct-1989,A
11205,19-Dec-1993,BBB
11205,09-Oct-1999,A
10436,24-Nov-1982,BBB
10436,30-Jun-1986,BB
10436,06-May-1996,BBB
10436,19-Jan-1998,BB
10436,10-Feb-2000,B
12425,07-Jan-1983,BB
12425,19-Sep-1986,CCC
12425,22-Dec-1990,D
11691,02-Feb-1983,A
11691,21-Sep-1992,AA
11691,24-Dec-1998,A
10288,02-Mar-1983,AA
10288,19-May-1997,AAA
13862,01-Jul-1983,BBB
13862,07-Mar-1985,BB
13862,23-Oct-1996,BBB
13862,10-Jul-1998,B
13862,26-Apr-2001,BB
13003,30-Jun-1983,BBB
13003,04-Dec-1998,BB
14101,23-Mar-1983,AA
14101,24-Apr-1989,AAA
14101,27-Feb-1991,AA
14101,12-Aug-1993,AAA
14101,23-Oct-2002,AA
13071,26-Apr-1983,AAA
13071,22-Jul-1998,AA
13071,20-Dec-2001,A
10463,27-Jan-1985,CCC
10463,10-Jun-1986,B
10463,21-Jul-1988,BB
10463,23-Jun-1989,B
10463,29-May-1991,BB
10463,04-May-2000,D
13790,21-Jul-1984,BB
13790,28-Apr-1994,BBB
13790,16-Oct-1996,A
13790,07-Jul-1998,AA
11169,25-Feb-1984,BB
11169,28-Jan-1999,BBB
11169,05-Jun-1999,BB
12544,18-Feb-1983,AAA
12544,10-May-1984,A
12544,21-May-1995,AA
10713,18-Mar-1983,CCC
10713,16-Jun-1983,D
10883,03-Nov-1982,BBB
10883,30-Jan-1984,BB
10883,08-Apr-1996,BBB
10883,31-Aug-1998,BB
10883,16-Jun-2000,BBB
12534,17-Feb-1985,CCC
12534,28-Apr-1985,D
12921,25-Jul-1984,BB
12921,16-May-1994,BBB
12921,19-Jul-2000,D
14320,27-Feb-1984,B
14320,22-Apr-1985,D
12035,27-Jun-1983,CCC
12035,04-May-1987,D
12452,31-Jan-1983,AAA
12402,02-May-1984,AA
12402,29-Jul-1985,A
12402,02-Oct-2003,BBB
10864,02-May-1985,B
10864,28-Aug-1986,CCC
10864,07-Oct-1992,D
14841,04-Feb-1983,AAA
14841,03-Jun-1984,AA
14841,12-Mar-1998,BBB
14841,06-Oct-2001,D
14214,03-May-1983,A
14214,21-May-2001,BBB
14214,15-Jul-2002,BB
10126,19-Sep-1983,AAA
10126,20-Mar-1999,AA
10126,28-Dec-2002,A
11259,31-Oct-1982,B
11259,02-Apr-1987,CCC
11259,05-Jun-1990,D
14358,02-Jul-1984,AA
11077,24-Sep-1983,BB
11077,11-Oct-1996,BBB
12222,27-Apr-1985,BBB
12222,16-Mar-1988,A
12222,06-Mar-2000,AA
10865,24-Sep-1983,BBB
10865,25-Oct-1984,BB
10865,27-Nov-1996,BBB
12953,30-Apr-1984,BBB
12953,04-May-1988,A
11633,19-Jan-1983,AA
11633,22-Aug-1990,BBB
11633,04-Oct-1996,A
11633,23-Oct-1999,BBB
11633,07-Apr-2000,A
14021,03-Sep-1983,AA
14021,21-Aug-1994,A
14021,26-Feb-2001,BBB
11344,26-Jan-1983,BBB
11344,17-Feb-1983,BB
11344,01-Apr-1986,B
11344,29-May-1992,BB
11344,13-Dec-1996,BBB
11344,10-Feb-1997,A
11344,04-Jun-1998,BBB
12879,14-Sep-1984,AA
12879,06-May-1985,A
11620,05-Jan-1985,A
10346,04-Aug-1983,CCC
10346,02-Jun-1997,B
10346,20-Aug-1998,D
13039,04-Jul-1984,CCC
13039,19-Apr-1990,B
13039,23-Jul-1994,BB
13039,21-Oct-1995,BBB
13039,12-Oct-1997,A
12497,08-Jun-1983,AAA
12497,07-May-2002,AA
14235,31-Jan-1984,AAA
14235,08-Sep-1985,AA
14235,02-Aug-1999,A
14345,28-Nov-1984,AA
14345,24-Aug-1998,AAA
14345,08-Jan-2000,A
14345,17-Oct-2003,BBB
14345,09-Jun-2004,BB
13843,07-Apr-1984,AA
13843,10-Apr-2001,A
10584,19-Jul-1983,BBB
10584,16-Sep-1991,A
11082,13-Jun-1983,BBB
11082,16-Sep-1984,A
13992,14-Nov-1983,A
13992,28-Nov-1997,AA
13992,20-Jul-1999,A
13992,24-Nov-2001,BBB
13992,15-May-2003,BB
10204,15-Oct-1983,A
10204,07-Apr-1996,BBB
10204,24-Jan-1999,BB
11675,12-Aug-1983,BBB
11675,15-Mar-1985,BB
11675,24-Nov-1997,A
14499,27-Feb-1984,AA
12763,30-Aug-1984,AA
10411,16-Oct-1983,B
10411,16-Sep-1993,BB
10411,18-Oct-1995,BBB
10411,10-May-2003,BB
11606,21-Oct-1983,AAA
11606,04-Mar-2002,AA
12592,20-Dec-1982,B
12592,04-May-1983,D
11324,11-Sep-1982,BBB
11324,18-Sep-2000,B
11324,19-May-2002,D
12106,04-Jun-1983,AAA
12106,23-Dec-1994,AA
12106,10-Mar-1998,AAA
12106,19-Mar-2002,A
11634,01-Jul-1983,A
11634,28-Sep-1989,AA
14341,02-Jun-1984,AA
14341,14-Aug-1991,A
11284,01-Apr-1985,AAA
11284,13-Aug-1985,AA
11284,19-Dec-2000,A
11284,16-May-2001,AA
11284,04-Sep-2004,A
12359,11-Mar-1985,BBB
12359,17-Mar-1995,A
12359,06-Apr-1999,AA
12359,25-Nov-2001,AAA
12359,29-Dec-2004,AA
12838,19-Nov-1983,AA
12516,15-Apr-1983,B
12516,13-Mar-1992,CCC
12516,13-Mar-1997,D
11068,20-Sep-1984,BB
11068,08-May-1990,D
13848,16-Sep-1984,B
13848,03-Nov-1985,CCC
13848,09-Oct-1999,D
11854,28-Aug-1984,A
11854,07-Jun-2000,BBB
11693,31-Aug-1984,AAA
11693,28-May-2000,AA
12908,02-Dec-1982,AAA
12908,19-Jul-1983,AA
12908,25-Aug-1987,A
12908,14-Feb-1989,BBB
12908,18-Sep-2002,BB
11646,30-Jun-1984,BB
11646,21-Jun-1989,A
11646,30-Nov-1996,AA
11282,24-Nov-1983,BBB
11282,21-Feb-1985,A
11282,18-May-1997,AA
12007,18-Mar-1983,BBB
12007,17-Nov-1987,BB
12007,23-Jan-1989,BBB
12007,26-Feb-1999,D
12986,24-Nov-1982,AAA
12986,09-Jan-1986,AA
12986,05-Aug-1993,AAA
11336,19-Nov-1984,AAA
11336,18-Dec-1984,AA
12311,09-Feb-1983,AAA
12311,18-Mar-1983,AA
12017,28-Jan-1983,AA
11975,14-Jun-1984,B
11975,01-Aug-1988,BB
11975,19-Dec-1998,BBB
10708,29-Jan-1985,B
10708,24-Jul-1989,CCC
10708,11-Jul-1990,D
12081,17-Jan-1984,AA
12081,04-Nov-1998,AAA
12081,29-Jul-2003,AA
13029,21-Jul-1984,A
13029,23-Mar-1986,BBB
13029,14-Jan-1999,A
11103,18-Jan-1983,CCC
11103,19-May-1984,D
11695,29-Mar-1985,AAA
11695,01-Jul-1993,AA
11695,19-Mar-2000,A
12690,10-Feb-1984,AA
12690,17-May-1999,A
12690,25-Nov-2003,BBB
10309,28-Jun-1984,BB
10309,27-Dec-1986,BBB
10309,23-Oct-1992,A
10309,08-Feb-2004,BBB
11341,23-Sep-1982,AAA
11440,05-Nov-1984,BB
11440,07-Nov-1996,BBB
11440,28-Nov-1999,B
11440,06-Oct-2004,D
13260,05-Sep-1984,AAA
13260,02-Aug-1994,AA
13738,16-Dec-1982,AAA
13738,16-Oct-1987,AA
13738,14-Nov-1998,A
13738,20-Aug-2001,BBB
13857,25-Jan-1984,BBB
13857,04-Nov-1987,A
13857,05-Oct-1989,AA
13857,07-Apr-2001,A
13912,10-Jul-1983,BBB
11432,15-Feb-1984,A
11432,30-Jul-1997,AA
14951,21-Sep-1983,A
14951,05-Jul-1984,BBB
14951,21-Sep-1990,BB
14951,11-Apr-1996,BBB
12199,07-Oct-1983,AAA
11114,14-Feb-1983,CCC
11114,22-Jul-1992,BB
11114,07-Mar-1997,BBB
14424,30-Apr-1983,BBB
14424,08-Oct-1989,BB
14424,02-Mar-1991,BBB
12955,07-Sep-1982,BB
12955,20-Apr-1988,BBB
10718,27-Feb-1985,A
11202,02-Jun-1984,BBB
11202,28-Feb-1996,BB
11202,10-May-1999,BBB
11202,29-Sep-1999,BB
11202,01-Mar-2004,B
13928,08-Mar-1985,CCC
13928,21-Jan-1986,D
11142,28-Jan-1983,AA
11142,05-Jul-1986,A
11142,06-Aug-1999,AA
13138,25-Feb-1985,BB
13138,21-Oct-1985,D
13520,21-Oct-1984,AAA
13520,11-Apr-1986,AA
13520,27-Dec-1997,AAA
13520,12-Jan-2000,AA
13520,20-Mar-2004,A
10385,17-Mar-1984,AAA
10385,23-Mar-1999,AA
10385,16-Dec-2003,A
10482,01-Nov-1983,BB
10482,23-Nov-1985,BBB
10482,07-Apr-1989,A
10482,18-May-1991,BBB
13047,02-May-1983,BBB
13047,10-Dec-2000,A
13757,08-Sep-1984,AA
13757,15-Feb-1994,AAA
13757,08-Oct-2001,AA
12712,03-Apr-1983,A
12712,15-Jul-2002,BBB
12794,21-Oct-1982,AAA
10665,24-Sep-1984,A
10665,21-Oct-1989,BB
10665,17-Jun-1992,B
10665,29-Jan-1995,BB
10665,21-May-1998,BBB
10665,18-Mar-2000,BB
12169,19-Jun-1984,BB
12169,06-Nov-1986,BBB
12169,16-Oct-1996,A
12169,27-Jul-1999,BBB
10149,02-Aug-1984,AA
10149,16-Dec-1989,AAA
10149,18-Dec-1991,AA
13063,21-May-1984,AAA
13063,13-Nov-1988,AA
13063,07-Mar-1992,A
13063,29-Jan-1999,AA
13063,27-Mar-2000,A
13001,11-Oct-1983,AA
13001,15-Apr-2003,A
13980,13-Sep-1983,BB
13980,22-Jul-1989,BBB
13980,01-Mar-1999,BB
12164,11-Nov-1984,B
12164,16-Feb-1999,BB
12853,01-Jul-1983,A
12853,15-Feb-1993,AA
12508,10-Nov-1984,AA
12508,03-Jun-2000,A
12032,15-Oct-1984,A
12032,30-Apr-1992,BBB
12032,08-Mar-1998,A
12032,17-Mar-2004,BBB
11046,18-Dec-1984,AA
11046,07-Feb-1999,AAA
11046,03-Apr-2000,AA
12459,06-Jan-1984,A
12459,08-Jan-1996,AA
12459,12-Dec-1998,AAA
13899,15-May-1984,B
13899,24-Dec-1985,BB
13899,05-Apr-2000,B
13927,26-Mar-1985,B
13927,27-Aug-1994,BB
13927,20-Aug-1999,BBB
13927,14-Oct-2000,BB
14338,05-Nov-1983,A
14338,10-Jun-1994,AA
14338,08-May-1998,AAA
14338,07-Jun-1999,AA
14805,17-Oct-1982,BBB
14805,05-Dec-1983,BB
14805,21-Jul-1988,BBB
14805,12-Jun-1995,A
14805,23-Feb-1996,AA
14128,01-Jan-1985,B
14128,26-Apr-1986,CCC
14128,11-Apr-1988,D
10213,10-May-1984,AAA
10213,04-Jul-1985,BBB
10213,10-Sep-1990,A
10213,10-Mar-2004,BBB
12513,08-Aug-1983,AAA
12513,01-Nov-1989,A
12513,02-Sep-2001,BBB
10751,12-May-1985,CCC
10751,09-Nov-1986,D
10606,30-Mar-1983,CCC
10606,13-May-1983,D
11998,01-Jun-1984,BBB
11998,26-Oct-1991,BB
11998,05-Jul-2002,D
12846,14-Apr-1984,BB
12846,03-Jan-1992,B
12846,17-Aug-1997,BB
12846,07-Nov-1998,BBB
12846,09-Dec-2003,BB
12987,09-Sep-1983,AA
13643,07-Jan-1983,CCC
13643,02-Sep-1983,D
10773,12-Sep-1982,CCC
10773,25-May-1988,D
11543,13-Oct-1983,BBB
11543,31-Jan-1984,BB
11543,13-Nov-2001,B
11543,01-Jun-2003,CCC
12297,18-Feb-1983,CCC
12297,26-May-1987,D
10922,13-Aug-1984,BB
10922,06-Jul-1985,B
10922,01-Dec-1997,BBB
10922,30-Apr-2000,BB
10922,12-Dec-2003,B
11104,23-Aug-1983,AAA
11104,03-Jan-1985,A
11104,27-Mar-1987,BBB
11104,19-Jul-1997,A
11104,27-Nov-1997,AA
11104,04-Aug-1999,A
11113,07-Dec-1984,B
11113,02-Sep-1992,BB
11113,09-Dec-2001,B
11113,13-Oct-2004,CCC
13771,21-Aug-1984,AAA
13771,02-May-1987,AA
11280,11-Mar-1984,A
11280,03-Oct-1999,BBB
14319,11-Feb-1983,BB
14319,14-Jun-1995,BBB
14319,12-Jun-1996,A
14319,11-Mar-1998,BBB
13977,02-Apr-1985,B
13977,17-Sep-1995,BB
13977,28-Nov-1999,BBB
11721,10-May-1983,AA
11721,04-Dec-1990,A
11721,03-Oct-1998,BBB
11721,16-Apr-2002,BB
10413,28-Feb-1985,AA
14271,29-Mar-1983,CCC
14271,07-Aug-1984,D
13800,26-Aug-1983,B
13800,06-Aug-1996,BBB
13800,05-Sep-1997,A
13800,03-Feb-2002,BBB
14305,13-Nov-1982,AAA
14305,26-Jul-1984,AA
14305,27-Jul-1986,A
14305,18-May-1994,AA
14305,24-Jun-2000,A
14578,19-May-1984,AA
12327,14-Feb-1983,CCC
12327,13-Nov-1984,B
12327,03-Dec-1997,D
13550,02-Oct-1982,BB
13550,01-Feb-1998,B
13550,26-Apr-1999,D
11303,10-Aug-1984,A
11303,19-Jun-1994,AA
14220,31-Jul-1983,AA
14220,03-Mar-1987,A
14220,01-Feb-1990,BBB
14220,07-Jun-1996,BB
12037,09-Jun-1984,BB
12037,14-Feb-1994,BBB
12037,17-Jul-2000,A
11403,06-Sep-1983,B
11403,07-Mar-1984,D
10329,06-May-1984,BB
10329,13-May-1997,BBB
12482,08-Sep-1982,B
12482,16-Feb-1985,BB
12482,05-Aug-1997,BBB
13375,14-Feb-1985,A
13375,02-Mar-1988,BBB
13375,25-Jan-1998,AAA
13375,20-Apr-2000,AA
12356,27-Oct-1984,CCC
12356,12-Mar-1998,B
12356,10-Jan-1999,BBB
12356,01-Dec-1999,BB
14676,02-Sep-1984,AAA
14676,07-Feb-1990,AA
14676,12-Dec-1992,A
10733,08-Nov-1984,A
10733,15-Dec-1999,BBB
10235,05-Sep-1983,BBB
10235,06-Mar-1999,BB
10235,01-Dec-2000,BBB
10235,10-Jan-2003,BB
14367,26-Apr-1984,AA
14367,16-Nov-1990,A
14367,13-Nov-2002,BB
10888,16-Mar-1984,AAA
12713,30-Jan-1984,CCC
12713,02-Jul-1998,B
14280,20-May-1983,AAA
14280,08-Oct-1983,AA
14280,05-Oct-2000,AAA
11051,23-Apr-1983,BBB
11051,03-Aug-1997,A
13476,13-Nov-1983,BB
13476,17-Jan-1984,BBB
14007,02-Apr-1983,BBB
10703,31-Oct-1984,AA
10703,17-Dec-1997,AAA
10703,06-Nov-2001,AA
10703,01-Aug-2004,A
11264,01-May-1985,CCC
11264,01-Nov-1992,D
14221,17-Sep-1982,AAA
14221,07-Jun-1998,AA
14221,21-Jun-2000,A
11019,05-Feb-1984,A
11036,13-Nov-1982,B
11036,19-Feb-1993,BB
11036,22-Jan-1995,BBB
11036,06-Dec-1996,A
11036,17-Apr-2001,BBB
10754,28-Oct-1984,BB
10754,12-Jul-1986,B
10754,20-Oct-1987,CCC
10754,18-May-1998,B
10754,13-Nov-2002,D
13308,04-May-1985,A
12929,24-Oct-1982,AA
12929,24-May-1998,A
12929,02-Feb-2002,BBB
11054,15-Mar-1985,BBB
11054,29-Sep-1999,A
10649,05-Sep-1982,BB
10649,14-Feb-1999,BBB
10649,17-Oct-2001,BB
13616,02-Jul-1984,A
13616,18-Nov-1986,AA
13616,07-Apr-1988,A
12373,10-Oct-1984,BBB
12373,11-Sep-1994,A
12373,19-Jun-2000,BBB
12373,30-Sep-2001,A
14752,03-Feb-1984,BBB
14752,21-Mar-1998,A
14752,26-Sep-1999,BBB
14752,23-Jun-2000,A
10514,20-Jan-1985,B
10514,14-Aug-1987,BB
10514,02-Apr-1992,B
10514,13-Jun-1993,BB
10514,25-May-1998,BBB
10514,30-May-2000,BB
10369,02-Feb-1985,AAA
10369,19-Jun-1995,AA
10375,05-May-1984,AAA
12077,03-Jan-1983,AA
12077,14-Feb-1998,A
13067,24-Mar-1983,CCC
13067,22-Sep-1984,D
13772,16-Feb-1983,AAA
12216,28-Sep-1982,BB
10214,03-Dec-1982,B
10214,27-Sep-1987,BB
12696,26-Apr-1984,BB
12696,30-Aug-1998,A
12696,25-Oct-1999,BBB
12696,08-Jun-2000,A
12696,23-Nov-2003,BBB
12180,15-Mar-1985,CCC
12180,20-Sep-1986,D
13011,07-Aug-1983,A
13011,15-Dec-1987,BBB
13011,18-Jun-2002,BB
13668,03-Oct-1983,B
13668,05-Feb-1986,BB
13668,18-Mar-1991,B
13668,29-Dec-1991,D
11213,29-Apr-1985,AAA
13055,21-Mar-1985,BBB
13055,28-Dec-1986,BB
13055,29-Jun-1993,BBB
11490,25-Jun-1984,B
11490,03-Jan-1987,BB
11490,05-Jan-1990,BBB
11490,10-May-1999,A
11022,03-May-1985,AAA
11022,10-Apr-2001,AA
11801,23-Sep-1984,A
11801,10-Oct-1984,BBB
11801,15-Sep-1992,BB
11801,12-May-1993,B
11801,20-Oct-1995,BB
12145,21-Jul-1983,BBB
12145,06-Oct-1990,BB
12145,29-Nov-1994,BBB
12145,23-Dec-1996,A
11249,11-Jun-1984,A
11249,14-Mar-1992,BBB
11249,12-May-1997,A
12732,19-Apr-1983,B
12732,05-Dec-1995,BB
12732,02-Apr-1998,BBB
11316,09-Jun-1983,A
14632,28-Jun-1984,BBB
14632,31-Mar-1998,A
14632,07-Jan-1999,AA
13435,28-Jan-1984,AAA
13435,04-Dec-1999,AA
13864,04-Oct-1983,AA
13864,28-Jul-1999,A
12240,12-Apr-1984,A
12240,31-May-1999,BBB
10965,07-Sep-1984,B
10965,12-Jun-1989,BB
10965,21-Apr-1998,BBB
10965,31-Jan-1999,A
10965,12-Jul-2003,BBB
10399,24-Mar-1984,CCC
10399,07-Apr-1990,D
14625,21-Feb-1984,AA
13509,24-Mar-1984,A
13509,28-Apr-1984,BBB
10119,12-Jan-1984,BBB
10119,24-Dec-1997,AA
12390,08-Nov-1982,AAA
12390,01-Apr-1990,AA
12210,07-Aug-1984,CCC
12210,18-Feb-1987,BB
12210,03-Jul-1995,BBB
10679,11-May-1985,CCC
10679,13-Sep-1991,D
13486,07-Aug-1983,AAA
11875,16-Apr-1985,AAA
14143,30-Jul-1983,AAA
14143,29-Mar-1999,AA
14143,21-Apr-2003,A
14790,21-Jan-1985,BB
14790,12-Apr-1989,B
14790,12-Aug-1993,CCC
14790,06-Jul-1997,B
11012,16-Nov-1983,BBB
11012,26-Jun-1986,AA
11012,02-Jun-1997,A
11012,24-May-2002,BBB
13185,05-Oct-1983,CCC
13185,17-Jan-1985,D
14073,23-Mar-1983,CCC
14198,21-Dec-1982,A
14198,06-Nov-1998,BBB
13508,23-Jun-1983,AA
14224,13-Aug-1984,BBB
12343,09-Oct-1984,BBB
12343,15-Sep-2000,B
13690,12-Jul-1984,CCC
13690,03-May-1987,D
11454,27-Aug-1982,AAA
11454,15-Aug-1998,AA
11454,06-Mar-2002,A
11661,09-Dec-1984,B
11661,19-Jan-1985,BB
11661,03-Aug-1989,D
10616,26-Feb-1985,CCC
10616,06-May-1985,D
13366,27-Sep-1984,BBB
13366,06-Aug-1985,BB
13366,06-Sep-2000,D
11996,29-Sep-1982,AAA
11996,05-Nov-1997,AA
11365,31-Aug-1983,BBB
11365,17-Dec-1983,BB
10105,23-Jul-1984,BBB
10105,11-May-1995,BB
10105,01-Jan-2000,B
10105,19-Jan-2003,BBB
13732,17-Aug-1984,AAA
13732,28-Aug-2002,AA
11197,30-Mar-1983,CCC
11197,25-Oct-1988,BB
11197,24-Oct-1994,BBB
13295,14-May-1983,AAA
13295,08-Feb-2003,AA
11966,21-Jun-1984,B
11966,19-Jul-1997,BBB
11966,05-Apr-1999,A
13676,08-Dec-1983,CCC
13676,16-Feb-1988,D
10661,03-May-1984,AAA
10661,13-Nov-1987,A
10661,06-Apr-2003,BBB
12468,11-Apr-1983,B
12468,05-Apr-1990,BB
12468,01-Apr-1994,BBB
12468,31-Jul-1995,BB
12468,11-Jan-2001,BBB
12468,25-Jun-2002,BB
14248,11-Feb-1983,A
11540,25-Nov-1984,AAA
10429,23-Sep-1984,B
10429,04-Aug-1990,BBB
10429,22-May-1998,A
10429,31-Oct-2003,BB
13358,10-Mar-1985,B
13358,08-Oct-1989,BB
13358,25-Feb-1992,BBB
14547,03-Dec-1982,CCC
14547,07-Oct-1986,D
10286,16-Feb-1983,B
11643,25-Nov-1982,AAA
11643,27-Aug-1995,AA
11643,08-Aug-1996,AAA
12609,21-Dec-1983,B
12609,21-Mar-1993,BBB
12609,04-Jan-1998,A
12609,07-Jun-2003,BBB
11828,27-Feb-1983,CCC
11828,10-Apr-1992,B
11828,26-Apr-1997,BB
11828,30-Jul-1998,B
11828,28-Oct-2001,CCC
11828,17-Feb-2003,D
14794,30-Jan-1985,BB
14794,13-May-1986,CCC
14794,11-Aug-1988,D
12229,25-Nov-1982,AAA
12229,30-Oct-1984,AA
12229,24-Jan-2002,A
13186,01-Oct-1982,BB
13186,16-Jul-1984,D
11093,26-Feb-1984,B
11093,04-Apr-1985,CCC
11093,14-Jan-1992,D
13411,29-Sep-1984,CCC
13411,08-Apr-1994,B
13411,20-Sep-1998,BB
13411,02-Jul-1999,BBB
13411,19-Jun-2000,BB
13364,26-Jun-1983,A
13364,26-Jun-1984,BBB
13364,09-Sep-1997,A
14840,13-Feb-1983,B
14840,19-May-1985,BBB
14840,14-Mar-1990,BB
14840,08-Nov-1992,BBB
14840,10-Dec-1996,A
14840,18-Jun-2001,BBB
12749,23-Jul-1983,B
12749,10-Sep-1984,BB
12749,22-Mar-1992,BBB
10553,16-Mar-1983,B
10553,13-Jan-1987,D
14510,10-Jan-1984,BB
14510,12-Sep-1985,B
14510,01-Mar-1995,BB
11042,10-Feb-1985,BBB
11042,28-Jun-1985,BB
11042,15-Oct-1996,BBB
11042,17-Aug-2000,BB
13641,08-May-1984,AAA
13641,30-Apr-1995,AA
12431,27-Nov-1982,CCC
12431,04-Mar-1983,D
12710,13-Sep-1983,BBB
12710,26-Jul-1991,BB
13762,11-Oct-1982,B
13762,24-Feb-1991,CCC
13762,29-Nov-1993,B
13762,10-Nov-1998,BBB
13762,07-Jul-2002,BB
13979,01-Jan-1984,B
13979,16-May-1996,BB
13979,19-May-1998,BBB
12053,24-Oct-1983,AA
13016,12-May-1985,A
13016,31-Aug-1999,AA
12143,07-Nov-1984,CCC
12143,22-Feb-1985,D
10531,17-Dec-1983,BB
10531,21-Mar-1988,BBB
14670,29-Jan-1985,BBB
14670,17-Jul-1989,BB
14670,25-Jan-1992,BBB
13292,02-Jan-1983,CCC
13292,22-May-1983,D
14762,12-Sep-1983,BBB
14762,22-Aug-1985,A
14762,11-Nov-1988,AA
12006,03-Mar-1985,AA
12006,03-Feb-1993,A
12006,04-Dec-1999,AA
12006,10-Jan-2004,A
14153,21-Feb-1985,A
14368,01-Aug-1984,AAA
14368,09-Mar-1986,AA
14368,10-Sep-1994,AAA
13516,27-Apr-1984,AAA
13516,11-Oct-1991,A
13516,22-Dec-1992,D
10184,27-Jul-1983,B
10184,16-Aug-1989,BB
10184,03-Aug-2002,B
10925,11-Mar-1985,A
10925,25-Jun-2003,BBB
10843,20-Dec-1982,B
10843,24-Nov-1985,BBB
10843,25-Jun-2000,BB
10244,18-Aug-1984,CCC
10244,04-Jul-1985,B
10244,04-Jan-2000,CCC
10244,06-Jul-2004,D
11792,26-May-1984,AA
11792,08-Dec-1991,A
11792,17-Apr-1998,AA
11792,03-Jul-1999,A
10717,28-Nov-1984,A
10717,13-Feb-1985,AA
10717,12-Aug-1998,AAA
10717,08-Apr-2000,AA
13582,20-Sep-1983,AAA
11067,06-Sep-1984,BBB
11067,07-Sep-1997,A
11067,25-Jan-2000,BBB
10964,01-Dec-1984,AAA
10964,27-Mar-2004,AA
11083,06-Jul-1983,AA
11083,26-Nov-1983,A
11083,10-Sep-1984,BBB
11083,20-Sep-1996,A
10484,21-Feb-1984,B
10484,25-Sep-1990,CCC
10484,25-Sep-1994,BB
10484,24-Apr-1997,BBB
12227,24-Apr-1985,AA
12227,31-Mar-1999,AAA
13804,18-Feb-1984,BBB
13804,09-Mar-1996,A
10973,14-Jul-1983,BB
10973,25-Sep-1993,B
10973,15-Jan-1998,BB
10973,17-Apr-2001,BBB
10973,05-Sep-2001,BB
10179,29-Apr-1984,AAA
10179,04-Apr-1994,AA
14593,13-Aug-1983,BB
14593,14-Jan-2000,BBB
10500,13-Sep-1984,A
10500,04-Oct-2002,BB
10792,06-Oct-1983,A
10792,09-Jun-1987,BBB
10792,16-Jan-1990,BB
10792,17-Jul-2001,B
11994,23-Dec-1983,AAA
13919,13-Jul-1984,BB
13919,30-Jun-1986,BBB
13919,22-Mar-1987,BB
13919,11-Jan-1998,BBB
13393,17-Apr-1985,A
13985,12-Jul-1983,AA
13985,17-Aug-1998,BBB
13985,25-Oct-1999,A
13901,03-Dec-1984,B
13901,17-Jun-2000,CCC
13901,08-Dec-2002,D
12016,26-Aug-1984,AA
12016,08-Dec-1995,A
12016,30-Mar-1998,AA
12016,28-Oct-1999,BB
12887,30-Mar-1985,CCC
12887,01-Jun-1987,B
12887,02-Dec-1990,BB
12887,24-Oct-1994,D
11979,18-Sep-1982,CCC
11979,07-Apr-1985,B
11979,06-Sep-1990,CCC
11979,05-May-1993,B
11979,14-Jan-2001,D
10381,10-Aug-1983,AA
10381,16-Feb-1998,AAA
10381,21-Jun-1999,AA
13940,11-Jun-1984,BBB
13940,09-Jun-1985,BB
13940,14-Apr-1999,BBB
13940,16-Oct-1999,BB
13940,11-Mar-2004,B
10457,26-May-1983,A
10457,03-May-2002,BBB
13439,05-Apr-1983,B
13439,04-Dec-1993,BB
13439,27-Sep-2000,BBB
12793,29-Jul-1984,BB
12793,10-Nov-1996,A
12793,03-Mar-2000,BB
14904,04-May-1984,AAA
14904,04-Sep-1987,AA
14904,20-Apr-1997,AAA
14904,13-Oct-1999,AA
13776,31-Mar-1984,A
13776,18-Mar-1985,AA
10136,09-Jun-1984,AA
10136,11-Feb-1989,A
10136,22-Feb-2000,BBB
14738,04-Oct-1982,AA
14738,18-Sep-1993,A
14661,02-Aug-1983,AA
14661,10-Jul-1984,A
14661,02-Jun-1999,BBB
10147,12-Nov-1983,BB
10147,07-Jan-2002,B
13137,16-Apr-1983,CCC
13137,13-Feb-1987,D
12467,02-Aug-1984,BB
12467,19-Jan-2000,B
12423,22-Dec-1984,BBB
12423,11-Apr-1999,A
13588,26-May-1983,BBB
13588,03-Dec-1993,BB
13588,25-Mar-1997,A
11492,18-Aug-1984,AA
11492,02-Mar-1988,A
11492,21-Nov-1999,BBB
14359,02-Jan-1983,AA
14359,11-May-1989,A
14359,11-Mar-1997,BBB
10662,02-Dec-1984,B
10662,09-Apr-1986,D
12831,03-Jan-1983,A
14876,28-Mar-1984,A
14876,06-Jun-1987,BBB
14876,27-Jan-1989,A
11140,19-Aug-1983,A
11140,06-Jan-1988,BBB
11140,22-Aug-1989,A
11140,09-Dec-1990,BBB
14013,02-Nov-1984,BB
14013,04-Sep-1985,B
14013,13-Feb-1996,BB
13019,04-Jan-1984,BB
13019,15-Oct-1996,BBB
13019,17-Jul-1998,A
13019,29-Feb-2000,AA
13019,14-Jul-2002,A
13019,17-Apr-2003,BBB
10986,21-Dec-1983,BB
10986,07-Sep-1987,B
10986,15-Sep-1991,CCC
10986,02-Jun-1996,BBB
10986,25-Feb-1997,A
10986,08-Feb-1999,BBB
10986,30-Mar-2002,BB
12103,11-Jan-1985,BBB
10648,06-Aug-1983,AAA
10648,25-Mar-1992,AA
10648,27-May-1998,AAA
10648,06-Apr-1999,A
10648,18-Nov-2002,BBB
11734,10-Nov-1983,A
11734,31-Dec-1985,AA
11734,07-Feb-1994,A
11352,08-Apr-1985,AAA
11352,16-Dec-2000,AA
11352,04-May-2004,A
11896,29-Sep-1982,AA
11896,30-Mar-1986,A
11896,23-Sep-1994,BBB
11896,26-Aug-1995,A
11896,26-Apr-2001,BBB
11271,17-Apr-1985,AAA
11271,22-Jan-2002,AA
11271,14-Jan-2005,A
10770,23-Feb-1983,A
10770,03-Nov-1997,AA
13072,15-Jun-1984,CCC
13072,18-Feb-1986,D
12486,27-Mar-1984,B
12486,09-Jul-1986,BB
12524,23-Jun-1984,B
12524,22-Jan-1992,D
10841,14-Aug-1983,AAA
10841,27-Mar-2003,BB
14968,29-Apr-1984,BBB
14968,21-Feb-2002,A
13752,06-Nov-1984,CCC
13752,11-Nov-1992,D
11346,06-Sep-1982,BBB
11346,24-Nov-1995,A
11346,01-Sep-2002,BBB
13780,09-Nov-1982,BB
13780,03-Sep-1996,BBB
13780,27-Jun-1997,A
11242,19-Apr-1985,AAA
11242,23-Dec-2004,AA
10825,31-May-1984,AAA
10825,22-Mar-2002,AA
12625,06-Apr-1983,A
13314,25-Sep-1983,B
13314,05-Jan-1991,CCC
13314,25-May-1997,B
11294,18-Dec-1982,B
11294,28-Dec-1996,BB
11294,04-Jul-1998,B
11294,29-Jun-2001,CCC
14259,13-May-1983,AAA
14259,27-Mar-1984,AA
14259,20-Jul-2000,AAA
14259,17-Apr-2003,AA
14643,03-May-1983,CCC
14643,24-Apr-1987,B
14643,01-Sep-1987,BB
14643,16-Dec-1994,BBB
12139,15-Jul-1983,AA
12139,23-Jan-1984,A
13942,17-Jan-1983,AAA
13942,03-Jul-1998,AA
11120,01-Aug-1983,BB
11120,09-Dec-1989,B
13190,17-Dec-1982,AAA
13190,18-Apr-2001,AA
12915,19-Jan-1985,BB
12915,19-Feb-1999,BBB
13748,20-Nov-1982,BBB
13748,11-Apr-1998,BB
13748,15-Feb-2002,B
13103,05-Mar-1985,AAA
13480,21-Sep-1983,AAA
13480,17-Mar-1991,AA
13613,04-Oct-1982,CCC
13613,16-Jun-1985,BB
13613,23-Nov-1989,B
13613,01-Aug-1998,D
12918,26-Jul-1983,AA
12918,30-Jun-1988,A
12918,24-May-1995,BBB
12918,19-Jan-1997,A
12918,23-Mar-2000,AA
12918,08-Jan-2002,A
11234,23-Aug-1984,AAA
11234,23-Jan-1987,AA
11234,05-Sep-1999,A
11234,27-Jul-2004,BBB
11715,21-Oct-1984,BB
11715,06-Nov-1997,BBB
11715,13-Apr-1999,A
10390,14-Feb-1984,B
10390,04-Jul-1985,D
14540,04-Jul-1984,AAA
14540,15-Jan-2000,AA
11218,28-Jan-1985,AAA
11218,28-Jan-1986,AA
13893,11-Oct-1982,AAA
13893,05-Sep-1989,AA
13893,16-Oct-1997,BBB
12122,17-Jun-1983,BB
12122,28-Mar-1986,BBB
12122,11-Dec-2002,B
14500,03-Oct-1982,BB
14500,22-Feb-1993,B
14500,31-Jul-1999,BB
13061,01-Mar-1983,BB
13061,14-Jan-1990,BBB
11090,07-Aug-1984,BBB
11090,07-Aug-1991,BB
14656,09-Aug-1984,BBB
14656,19-Oct-1988,A
14656,23-Jun-1990,BBB
14656,30-Nov-1998,A
11672,12-Jan-1985,A
11672,12-Jun-1986,BBB
11672,06-Nov-1998,A
11672,26-May-2000,BBB
11672,17-Jun-2002,A
11672,15-Feb-2004,BBB
14551,23-Mar-1984,BBB
14551,22-Nov-1999,BB
14551,15-Dec-2001,BBB
14551,11-Jul-2002,B
10527,27-Oct-1982,AAA
10527,27-Feb-1993,AA
10527,22-Jul-1998,BBB
10582,26-Feb-1985,CCC
10582,21-Feb-1990,B
10582,09-Nov-1995,BB
10582,30-Mar-2001,BBB
10959,27-Oct-1984,CCC
10959,17-Apr-1985,D
13920,31-May-1983,BBB
13920,18-Jan-1996,A
14502,13-Feb-1984,BBB
14502,23-Aug-2000,A
11357,29-Apr-1985,B
11357,20-Jun-1986,D
12689,03-Aug-1984,B
12689,12-Nov-1989,BB
12689,30-Jul-1997,BBB
12689,21-May-2003,BB
11612,04-Dec-1984,BB
11612,10-Nov-1994,BBB
11612,11-Apr-1998,A
11612,19-Feb-2000,BBB
13118,25-Oct-1983,BBB
13118,30-Jun-1990,A
13118,03-Mar-1995,BBB
13118,02-Apr-1996,AA
13815,02-Dec-1983,AA
13815,29-Oct-1984,A
14907,01-Mar-1984,AAA
14496,14-May-1983,CCC
14496,14-Mar-1984,D
13283,05-Sep-1984,BB
13283,26-Jan-1994,BBB
13283,31-May-2002,A
12258,04-Jan-1984,A
13394,26-May-1984,B
13394,10-Sep-1999,CCC
13394,09-Sep-2000,B
11459,22-Jun-1983,BBB
11459,08-Oct-1990,BB
11459,01-Jul-1995,BBB
11459,23-May-1997,A
14071,03-Jan-1983,B
14071,10-Sep-1984,D
14944,07-Dec-1983,A
14944,02-Mar-1993,AA
10276,15-Aug-1983,A
10276,13-Feb-1984,BBB
10276,30-May-1997,A
10276,31-Dec-1998,BBB
10276,02-Nov-2002,BB
14864,14-Oct-1984,BBB
14864,04-Jul-2000,BB
10198,07-Oct-1984,AAA
10198,16-Jul-1985,AA
11774,17-Jun-1984,AA
11774,26-Feb-2003,A
14295,29-Dec-1982,B
14295,12-Aug-1983,D
11037,08-Sep-1982,AA
13888,29-Feb-1984,A
13888,04-Dec-2000,AA
13666,15-Jun-1983,BBB
14177,15-Mar-1985,B
14177,18-Sep-1997,BBB
14177,14-Jul-1999,A
14177,15-Mar-2000,BBB
11571,25-Apr-1985,B
11571,23-Nov-1991,BB
11571,26-Jun-2001,BBB
13734,31-May-1983,AAA
13734,10-Aug-1998,AA
13734,24-Jul-2001,A
14386,27-Oct-1984,AAA
11832,31-Jan-1985,AAA
11832,04-Aug-1986,AA
11832,07-Feb-1988,BBB
11832,22-Jul-1989,A
11832,17-Feb-1990,BBB
11832,12-Jul-1998,A
11832,01-Apr-1999,AA
11832,27-Aug-2000,BB
14081,07-Apr-1984,BB
14081,31-Jan-1985,D
14872,18-Jan-1985,A
14872,19-Feb-1987,AA
14872,13-Apr-1993,A
14872,17-Apr-1996,BBB
14872,26-May-2000,B
11473,19-Mar-1985,AA
11473,15-Aug-2000,A
11473,29-Apr-2004,BBB
10460,18-Feb-1984,AAA
10460,16-Jul-1995,AA
11374,16-Aug-1984,AAA
11374,20-Apr-1985,AA
11374,02-Mar-1992,A
11374,24-Dec-1996,AA
11374,14-Apr-2000,A
14622,17-Mar-1984,A
14622,20-Nov-1998,AA
12820,12-Sep-1982,CCC
11869,07-Nov-1983,B
11869,25-Dec-1988,BB
11869,16-Apr-1994,BBB
12058,25-May-1984,BB
12058,02-May-2000,B
12058,19-Dec-2000,BB
14687,21-Jan-1984,AAA
11416,25-Aug-1983,A
11416,23-Mar-1993,BB
11416,31-May-1998,BBB
11962,13-Mar-1985,A
11962,11-Jun-2000,BBB
14524,25-Nov-1984,A
14524,06-Aug-1995,AA
14524,12-Mar-1997,AAA
10969,14-Dec-1984,CCC
10969,10-Jul-1988,D
11950,25-Aug-1983,A
11950,13-Apr-1991,BBB
11950,17-Jan-1992,BB
10830,02-Apr-1984,BB
10830,02-Jul-1997,BBB
10830,10-Mar-1999,A
14740,07-Jan-1985,AAA
14740,20-Jun-1985,AA
14972,09-Mar-1985,AAA
13332,17-Jun-1984,CCC
13332,29-Dec-1995,BBB
13332,04-Feb-2000,BB
13332,16-Feb-2001,BBB
13870,12-Mar-1983,BBB
13870,19-Aug-1987,A
13870,14-May-1991,AA
13870,20-Nov-1997,AAA
13870,12-Feb-1999,AA
11507,02-Jun-1984,BB
11507,16-Oct-1997,BBB
11379,29-Oct-1982,A
11379,19-Jun-1998,BBB
13489,29-Sep-1983,B
13489,19-Aug-1986,BB
13489,24-Mar-1990,B
13489,16-May-1993,BB
13489,17-Mar-1997,BBB
13489,07-Nov-1998,CCC
13489,09-Nov-2001,D
12994,15-Jun-1984,B
11559,09-Mar-1985,B
11559,17-Apr-1988,D
13998,06-Nov-1984,AA
13998,18-Apr-1985,A
13998,15-Oct-1994,AA
11864,16-Dec-1983,AA
12212,13-Sep-1984,AA
12212,03-May-1999,AAA
12212,18-Aug-2000,AA
12212,06-Oct-2002,A
11442,09-Oct-1983,AA
11442,29-Jan-1993,AAA
11442,20-Sep-1998,BBB
14544,16-Apr-1985,CCC
14544,20-Apr-1991,B
14544,16-Jun-2000,CCC
13424,02-May-1985,AA
13424,02-Feb-1986,A
13424,03-Mar-1998,AA
14158,30-Dec-1984,AA
14158,08-Aug-1993,A
14158,08-Jul-1994,AA
14158,09-Dec-2004,A
12011,11-Sep-1983,A
12011,08-Jun-1998,AA
12011,24-May-2003,A
11678,16-Nov-1983,CCC
11678,14-Aug-1996,BB
11678,30-Sep-1997,BBB
11678,02-Nov-1998,A
11678,09-Nov-2000,AA
13282,21-Apr-1983,CCC
13282,22-Mar-1991,D
13300,11-Oct-1984,BB
13300,23-Jan-1996,BBB
13300,02-Nov-1997,A
14832,17-Jan-1985,BB
14832,13-Nov-1985,B
14832,24-Mar-1994,BB
14832,30-Jan-1999,BBB
14832,25-Oct-2004,BB
12790,17-Feb-1985,CCC
12790,03-Sep-1999,BB
12406,27-Feb-1984,BB
11741,08-Apr-1984,BB
11741,08-Aug-1994,BBB
11741,06-Nov-1999,BB
14497,14-Jan-1983,A
14885,03-Feb-1985,BB
14885,12-Dec-1987,BBB
14885,26-Sep-1999,A
12601,11-Nov-1983,CCC
12601,13-Apr-1997,BB
12601,29-May-1999,D
14895,11-Mar-1983,BB
14895,16-May-1984,CCC
14895,05-Jun-1997,BB
13614,03-Feb-1985,AAA
13614,18-Apr-1996,AA
13614,09-May-1999,A
11840,19-Sep-1984,B
11840,29-Aug-1988,CCC
11840,11-May-1992,D
12382,17-Jan-1985,A
12382,16-Nov-1994,BB
12382,08-Jun-2002,B
14562,30-May-1983,CCC
14562,30-Jul-1983,D
12288,21-Jun-1984,BB
12288,19-Mar-1994,BBB
12288,06-May-1997,A
12288,29-Oct-1997,AA
12288,26-Aug-1998,AAA
11102,12-Jun-1984,A
11102,10-Jun-2000,BBB
14084,18-Dec-1982,AA
14084,04-Dec-1999,AAA
14294,29-Sep-1983,CCC
14294,24-Nov-1985,B
14294,03-Sep-1987,CCC
14294,02-Mar-1990,D
10426,20-May-1983,AAA
10426,09-Aug-1998,AA
10426,08-Jul-2002,A
11314,04-Aug-1984,BB
11314,07-Nov-1984,B
11314,19-Feb-1990,BB
11314,03-Sep-1996,BBB
11314,11-Mar-1999,A
11314,15-Aug-1999,BB
11314,17-Jan-2001,BBB
14140,28-May-1983,A
14140,26-Sep-1990,AA
14140,07-May-1999,A
11052,31-Jan-1985,BB
11052,22-May-1986,B
11052,06-Jul-1996,D
12174,22-Nov-1984,BBB
12174,21-Jul-1997,A
13151,12-Sep-1983,CCC
13151,29-Jan-1984,D
12881,29-Dec-1983,AA
12881,16-Feb-1985,A
12881,02-Feb-1996,AA
12881,19-Apr-2003,A
11457,13-Jul-1984,B
11457,09-May-1996,BB
11948,30-Nov-1984,CCC
11948,17-Jul-1986,D
12336,19-Apr-1984,BBB
14316,15-Mar-1984,AAA
14316,30-May-1990,AA
14112,10-Jul-1983,CCC
14112,02-Jul-1984,D
12298,17-Nov-1983,AAA
12298,25-Apr-1988,AA
12298,17-Sep-1999,A
12298,01-Jun-2002,AAA
13710,01-Aug-1984,B
13710,11-Aug-1997,BB
10174,19-Jan-1985,BB
10174,21-Jan-1985,B
10174,02-Nov-1987,BB
10174,02-Jul-1994,BBB
11279,08-Aug-1984,BBB
11279,21-Nov-1988,A
11279,20-Jun-1998,AA
10315,05-Sep-1982,B
10315,03-May-1983,CCC
10315,18-Dec-1986,D
13664,23-Jun-1984,BB
13664,14-Feb-1986,BBB
13664,28-Sep-1997,BB
13664,26-Aug-2002,BBB
14667,30-Oct-1983,B
14667,13-Mar-1989,BB
14667,14-May-1999,B
14667,03-Oct-2002,CCC
14667,30-Jul-2003,D
14281,30-Oct-1983,BBB
14281,23-Dec-1983,BB
14281,31-Oct-1996,BBB
13385,13-Dec-1982,CCC
13385,28-Jan-1983,D
14165,10-Nov-1984,CCC
14165,11-Oct-1985,D
10420,09-Jul-1983,B
10420,11-Mar-1986,BB
10420,19-Aug-1997,BBB
11306,21-Apr-1983,BB
11306,06-Apr-1997,BBB
11306,03-Jun-2001,BB
14862,27-Jul-1983,AA
14862,23-Jan-1992,A
14862,05-Dec-1997,AA
14862,14-Jan-1999,BBB
11762,29-Aug-1983,AA
11762,19-Sep-2001,BB
13098,16-Feb-1984,BBB
13098,15-Jun-1984,BB
13098,23-May-1987,B
13098,16-May-1991,D
10160,02-Mar-1984,BB
10160,11-Feb-1989,B
10160,14-Mar-1990,CCC
10160,27-Jan-1994,D
14059,18-Sep-1983,B
14059,30-Jan-1997,BB
14059,17-May-1999,B
11117,20-Sep-1983,AA
10570,15-Jan-1984,BBB
10570,29-Dec-1997,A
10869,06-Jun-1984,A
10869,11-Jul-1995,AA
10869,12-Feb-2000,A
10869,04-Nov-2001,AA
12505,26-Mar-1985,AA
10210,10-Aug-1984,AAA
10210,20-Sep-1994,A
11451,22-Sep-1983,BB
11451,20-Mar-1991,B
11451,09-Mar-1998,BB
11451,08-Aug-1999,B
11451,20-May-2001,BB
10438,27-Nov-1984,BB
10438,09-Mar-1986,CCC
10438,25-Jul-1994,BB
10438,21-Jul-1999,BBB
10438,20-Oct-2000,BB
10438,15-Oct-2001,BBB
11016,30-Dec-1982,AAA
11016,01-May-1984,A
14657,17-Oct-1982,B
14657,21-Mar-1985,BB
14657,06-Aug-1988,BBB
14657,18-Sep-1997,A
14657,29-Aug-1998,BBB
14571,10-Nov-1982,A
14571,11-May-1997,AA
10171,29-Jan-1983,AA
10171,30-Aug-1995,AAA
10171,01-Jan-2003,AA
14548,08-Jul-1983,A
10374,16-Jun-1983,B
10374,15-Aug-1983,CCC
10374,30-Oct-1990,D
11278,29-Aug-1982,BBB
13031,09-Feb-1984,A
13031,14-May-1989,BB
13801,21-Nov-1982,A
13801,20-Sep-1985,AA
14160,11-Jan-1983,AA
14160,05-Feb-1983,A
14160,23-Apr-1992,AA
13639,10-May-1984,AAA
11337,25-Dec-1984,BBB
11337,16-Jul-1999,A
11337,07-Aug-2000,BB
11337,24-May-2003,BBB
11189,19-Apr-1985,BB
11189,23-Jul-1999,A
11189,18-Sep-2001,AA
11098,11-Mar-1984,BBB
11098,29-Jul-2003,BB
13386,11-May-1985,CCC
13386,16-Jun-2003,D
12883,23-Feb-1984,AAA
12883,11-Apr-2002,AA
12883,03-Oct-2003,A
14461,15-Jan-1984,A
14461,11-Sep-1998,AAA
14461,17-Nov-1999,AA
14461,16-Jul-2003,A
11228,15-Jul-1983,A
11228,04-Nov-1994,BBB
11228,14-Sep-2001,BB
10863,22-Oct-1983,B
10863,08-Nov-1991,CCC
10863,12-Jan-1998,BBB
11151,23-Dec-1983,AAA
11151,05-May-1991,AA
11151,18-Jul-1993,A
11151,18-Jul-1998,AA
10577,28-Oct-1982,B
10577,09-Aug-1983,CCC
10577,31-May-1990,B
10577,07-Dec-1990,BB
10577,19-Jun-1999,BBB
10577,24-Nov-1999,A
14264,22-Jan-1985,BB
14264,04-Jun-1985,B
14264,07-May-1991,BB
14264,19-Oct-2000,D
12535,21-Oct-1982,B
12535,14-Nov-1994,BB
12535,24-Jul-1996,AAA
12535,16-Jan-1998,AA
13059,28-Oct-1983,CCC
13059,20-Jan-1986,B
13059,01-Nov-1995,BB
13059,15-Dec-1996,BBB
13059,12-Jan-1999,BB
13059,14-Jan-2000,BBB
11759,22-Nov-1984,AA
11759,19-Oct-1998,AAA
12536,16-Sep-1983,BB
12536,26-Dec-1985,BBB
12536,21-Oct-1990,BB
12536,28-Jun-1997,BBB
12536,17-May-1998,A
13517,23-Apr-1984,A
13517,03-Dec-1984,AA
13964,14-Nov-1984,B
13964,19-Mar-1985,D
12182,21-Jan-1985,BB
12182,29-Sep-1992,B
12182,17-Apr-1999,BB
12182,14-May-2002,BBB
12182,01-Jun-2003,B
14590,07-Mar-1985,A
14590,25-May-2000,BBB
12196,24-Feb-1983,B
12196,29-Oct-1985,D
10638,03-May-1983,CCC
10638,26-Jan-1990,D
13398,01-Feb-1985,B
13398,04-Feb-1997,BB
13398,10-Jun-2000,B
10298,02-Apr-1984,AAA
10298,29-Jun-2003,A
11201,04-Jan-1984,AA
11201,08-Dec-1991,A
11201,09-Oct-1999,BB
12147,22-Apr-1984,A
12147,08-Sep-1985,BBB
12147,29-Dec-1987,BB
12147,03-Jan-1994,B
12147,24-Nov-1994,BB
10322,15-Nov-1984,BB
10322,02-Nov-1991,BBB
11495,01-Feb-1984,BB
11495,12-Nov-1984,B
11495,16-Aug-1991,D
11494,08-Mar-1983,AAA
11494,11-Apr-1998,A
13747,15-Nov-1983,CCC
13747,04-Oct-1985,D
13222,20-Oct-1983,B
13222,22-Jan-1988,CCC
13222,07-Apr-1990,D
12941,11-Apr-1985,BB
12941,09-Aug-1988,BBB
13968,29-Apr-1984,AA
13968,31-Jan-2000,A
11907,14-Jul-1984,BB
11907,04-May-1995,BBB
11907,03-May-2001,BB
13051,07-Aug-1984,AAA
11355,31-Jul-1983,A
10659,17-Jan-1984,B
10659,02-Dec-1984,CCC
10659,17-Feb-1993,B
10659,17-Sep-1998,BB
10659,19-Jul-1999,B
13818,26-Feb-1984,B
13818,28-Jun-1998,BB
13818,28-Sep-1999,B
13210,21-Jan-1983,BB
13210,29-May-1996,BBB
12186,02-Mar-1984,AA
12186,17-May-1991,A
12186,05-Jun-2000,AA
12290,13-Jul-1984,CCC
12290,18-Aug-1996,BB
12290,06-Sep-1998,BBB
12290,08-Nov-1999,BB
11525,18-Oct-1983,B
11525,22-May-1997,BB
11525,13-Dec-2001,B
11525,09-Nov-2002,CCC
12128,02-Dec-1984,BBB
12128,05-Dec-1993,A
12128,11-Sep-1999,AA
13035,19-Aug-1984,AA
13035,24-Apr-2000,A
11919,13-Aug-1983,A
11919,26-Sep-1983,BBB
11919,02-May-1997,A
11308,15-Nov-1983,B
12969,08-Sep-1983,AAA
12490,02-Oct-1984,BBB
12490,01-Dec-1987,BB
12490,15-Nov-2003,B
12925,22-Aug-1984,AA
12925,28-Apr-1986,A
12925,14-Oct-2001,BBB
12851,22-Oct-1983,BB
12851,12-Nov-1992,A
14797,12-Jul-1984,BBB
14797,31-Aug-1997,A
12854,21-Mar-1985,AAA
12854,26-Mar-1992,AA
12854,29-May-2004,BBB
10132,11-Oct-1984,AAA
10132,06-Nov-1994,AA
10132,24-Oct-2000,AAA
10132,01-Feb-2004,AA
13244,24-Jul-1984,CCC
13244,29-Jan-1998,B
13244,15-Dec-1998,A
13244,22-Jul-2000,BBB
14139,05-Dec-1982,BB
14139,14-May-1990,B
14139,29-Jan-1995,BB
14139,14-Sep-2002,B
11123,12-Sep-1983,BB
11123,09-Jun-1987,CCC
11123,13-Oct-1988,B
11123,02-Mar-1991,CCC
11123,27-Dec-1993,B
11123,07-Feb-1996,BB
10709,31-Mar-1984,CCC
10709,04-Sep-1984,D
12633,20-Nov-1983,AA
11231,07-Oct-1982,BB
11231,21-Aug-1995,BBB
11231,22-Jun-1996,A
11231,12-Oct-1997,BBB
14196,03-Apr-1983,AA
14196,11-Apr-1990,A
14196,28-Jun-1996,AA
14559,30-Nov-1984,AAA
14559,07-Jul-1998,A
14559,04-Nov-1999,AA
11749,02-Sep-1982,AAA
10224,29-Dec-1984,BB
10224,01-May-1986,B
10224,09-Jun-1989,BB
10224,04-Feb-1991,B
14343,04-Nov-1982,AA
14343,23-Jul-1990,A
14343,25-Jul-2002,BBB
12823,17-Jun-1984,BBB
12823,30-Mar-1986,BB
12823,27-May-1989,BBB
12823,05-Jul-1997,A
10785,31-Dec-1983,AA
10785,19-Oct-1998,AAA
10785,19-Jun-1999,AA
12538,24-Mar-1983,BB
12538,03-Jul-1986,B
12538,09-Apr-1987,CCC
12538,06-Jan-1992,D
12597,12-Mar-1984,BBB
12597,04-Feb-1985,BB
12597,21-Dec-1997,A
10853,18-Dec-1982,AAA
10853,19-Oct-1984,AA
10853,22-Apr-1996,AAA
13741,19-Jun-1984,AA
13741,28-Aug-1993,AAA
13741,05-Nov-1999,AA
14537,09-Apr-1984,BB
14537,12-Jul-1997,BBB
14537,17-Apr-1999,BB
10154,13-Oct-1982,AAA
11170,13-Oct-1982,BBB
11170,29-Jan-1996,A
10300,17-Jan-1983,A
10300,14-Apr-1992,AA
13473,06-Sep-1982,AAA
13473,18-Nov-1989,AA
13473,11-Jan-1991,BBB
13473,21-Mar-1993,A
13473,22-Oct-1999,AA
13759,27-Oct-1983,AAA
13759,05-Jan-2003,AA
14182,28-Nov-1984,BBB
14182,25-May-2001,A
10227,27-Apr-1984,AA
10227,22-Sep-1984,A
10227,21-Jan-1994,AA
10227,15-Aug-1997,AAA
11703,20-Jan-1984,AAA
11703,10-Nov-1991,A
11703,19-Dec-1999,BBB
12653,29-Dec-1984,BB
12653,05-Oct-1997,BBB
12653,30-Apr-1998,A
12653,18-Sep-1999,AA
12653,11-Jan-2004,A
11705,23-Nov-1982,AA
11705,05-Jul-1996,BBB
11705,02-Jan-1997,A
11796,11-Feb-1985,BB
11796,01-Mar-2000,B
14449,04-Dec-1982,CCC
14449,24-Dec-1986,D
14812,17-Jan-1984,B
14812,26-Jan-1984,D
11119,08-Jan-1983,A
11119,22-Dec-2002,BBB
14205,28-Feb-1984,BB
14205,07-Sep-2000,BBB
10776,22-Aug-1982,CCC
10776,25-May-1990,D
13562,23-Sep-1984,A
13562,26-Apr-1996,BBB
13562,20-Jun-1997,A
10461,14-Dec-1984,B
10461,10-Apr-1995,BB
10461,20-Oct-1999,BBB
10461,13-Jun-2003,BB
14142,20-Feb-1985,A
14142,03-Apr-1997,BBB
14142,13-Dec-2000,BB
12341,01-May-1985,AA
12341,30-Dec-2000,A
12722,05-Jan-1984,A
12722,24-May-1994,AA
12722,24-Sep-1996,AAA
12722,06-Jun-1999,AA
13352,16-May-1983,AAA
14704,26-Nov-1982,CCC
14704,17-Dec-1983,D
10169,08-Jan-1984,B
10169,09-Aug-1984,D
10678,26-Mar-1984,A
10678,14-Jul-1990,BBB
10678,23-Aug-1994,A
10678,26-Oct-2003,BBB
13839,19-Sep-1984,A
11658,09-Nov-1982,BB
11658,04-Mar-1984,B
14716,10-Jun-1984,AAA
14716,03-Aug-1985,AA
14716,06-Jun-2000,A
13130,17-Jan-1984,BB
13130,25-Feb-1984,B
13130,19-May-1997,BB
13130,30-Jan-2003,B
10247,05-Feb-1983,B
10247,07-Jan-1986,BB
10247,21-Jun-1989,B
10247,02-Feb-1996,BB
10247,22-Aug-1997,BBB
10377,14-Mar-1985,BB
10377,06-Oct-1998,BBB
10377,21-May-2004,BB
13699,31-Mar-1984,B
13699,18-Jun-1985,CCC
13699,25-Sep-1998,B
13699,20-Jun-2003,CCC
10362,02-Nov-1983,AAA
10362,09-Oct-1999,A
10670,17-Mar-1985,AA
10824,04-Jun-1984,AAA
14926,13-Nov-1983,AA
12256,05-Dec-1984,A
12256,16-Mar-2000,BBB
14517,02-Feb-1984,CCC
14517,15-Jan-1989,D
14736,23-Feb-1984,A
14736,17-Dec-1997,AA
14894,28-Jun-1984,AAA
14531,20-Aug-1983,BBB
14531,25-Dec-1995,A
14531,27-Aug-2002,BBB
14873,14-Apr-1983,A
14873,16-Aug-1990,BBB
14873,01-Sep-2001,D
13409,19-Mar-1984,AAA
13409,22-Apr-1984,AA
13409,08-Mar-1999,AAA
13409,28-May-1999,AA
10278,01-Jan-1985,BBB
11111,29-Sep-1983,BB
11111,28-Nov-1993,BBB
11111,02-Apr-1998,A
11111,02-Apr-1999,BBB
12519,08-Dec-1982,A
12519,26-Dec-1997,BBB
11053,05-Nov-1983,B
11053,18-Mar-1986,BB
11053,06-Jun-1990,BBB
11053,03-Nov-1994,BB
11456,14-Jun-1983,A
13841,23-Sep-1983,BB
13841,28-Feb-1991,CCC
13841,04-Jun-1997,B
13841,29-Sep-1998,D
13949,29-Nov-1984,A
13949,23-Jan-1985,BB
13949,24-Oct-1995,BBB
13949,16-Dec-1998,AA
13033,26-Sep-1983,BB
13033,06-Oct-1986,B
13033,23-Apr-1993,BB
13033,28-Jan-2003,B
14775,12-Sep-1983,AA
13902,13-Aug-1983,A
13902,01-Nov-1984,BBB
13902,08-Jul-1991,BB
13902,19-Apr-1994,BBB
13902,26-Dec-1996,A
13902,06-Jan-2000,AA
11220,05-Jan-1983,AA
11220,21-Mar-1983,A
12570,05-May-1983,BBB
12570,30-Jul-1987,A
14269,12-Nov-1982,A
14269,01-Oct-1983,AA
14269,15-Oct-1987,AAA
13608,21-Oct-1983,B
13608,02-Aug-1999,CCC
13608,17-Jan-2003,D
13836,02-May-1983,AA
13836,01-Dec-1996,AAA
